employee_id,a_data_1,a_data_2,a_data_3,a_data_4,a_data_5,a_data_6,a_data_7,a_data_8,a_data_9,a_data_10,a_data_11,a_data_12,a_data_13,a_data_14,a_data_15,a_data_16,a_data_17,a_data_18,a_data_19,a_data_20
1,1904f2d1,58ddc1ad,62819d17,72245e70,708c93a7,ea7cdf4f,875bea39,d884e7f1,c2f8cd69,60d3a3c0,fa52d2b5,a9f2896f,e9f0696e,6d8df256,75113043,3332348b,e857448b,8b12d0c1,703617c2,89ce2906
2,43824617,8b84772a,d76433c4,410af424,e8cefa64,04ffb8fb,d6a699b7,ee0fcde2,7402a7ba,2132aad9,aeb51230,23f73363,332b4090,85f5694e,a8db18f9,701597b5,b83077f2,0abb1a78,c132dee8,919a20d5
3,e97677cf,aa0a0c7f,514d74a6,1a81309a,38479311,fae6135c,bb3edeea,39027568,8a87a9cd,6621c29f,028195cc,720ee21e,6143cc27,38d18088,b8981a48,0b26ebc0,fc45be2c,b08f456b,6f4f9e68,864c1699
4,f854ebd6,b3e63cf7,403a409a,d41b5ad0,66effec6,bd5cc8ce,295a63a1,597a6d71,ee37e61c,c6068598,d2d43249,06264cea,79e14960,d989fbdb,370ddb3f,aa1f8714,a24555b6,1fa3d9ea,b4290304,ac4391c6
5,73f57f67,81415ec6,dce8e0a9,e4b971d3,e589004d,d8a98deb,4d0f47dc,ac10bc8f,4350873a,fb5f5bc9,50326cc5,6117375b,9bc92b44,4373c4d7,1465afd9,60e42d90,b254aafa,39d26d41,de36605e,7443bd94
6,b77b8431,fe9ce8e2,d3f77bc5,6bc9d8ad,57982867,00fb5956,4df112bd,ce6a4787,45b3a3e9,ec2cf037,daa561d1,455cb57c,367a510f,a484a62b,88867250,383c9d4c,e3470230,4bf8b5f8,8834c499,0a0e4b5e
7,38222d85,4ffaea0a,796ffa5a,82f3a1c5,41b2a3f5,c986a3a7,c885aace,eb6f7396,04a66d81,d1131bb9,50b6f5cf,70449a27,31e31a1b,3ea52809,d1933a5c,b6260ebd,53684e5d,58e9ff88,b06d41de,d4e53503
8,a5bccec4,f4c1676d,347f1861,e5797b30,b5c856aa,ef0276e9,c944af5e,f320f299,ec18135b,317ce7e9,45a1f865,e5939e8f,ee30f315,65ff344c,216de524,78e7212f,d178509a,70945954,4648eaea,1d441dff
9,a51e977d,77038c2c,ba0d3869,ce585a12,50ed4ac3,10eee454,8fea3ebc,b84eacab,3ec54f65,d83598b2,9beb8cd0,a3b2a6c0,e060c415,4915f5fd,0923a6a3,3502b036,47bae5fe,8dcd39cb,3650d305,f1ed2cf6
10,2f639985,d2a8739b,9c3884f7,518b5ec1,cb06e2de,9bafdf47,f1803f91,1d72c5cd,b12cef55,9aa8eafe,e8c2b055,f15a5e2f,23a51ede,2222d329,1c42964a,ddb8a9dc,57b0e74b,d55cc91b,e3d73c7e,80855c67
11,96196fa1,7b5f6202,aa19b297,54c416e1,c504527d,d6d02c10,01ad8909,96b893af,124506c9,8b33cb52,78902f44,864ccb5b,d4fe6504,2e3f82a7,0dafcb46,ded10e12,f32f79ec,c5f62706,d98b015b,8d617770
12,296b5c76,99859863,a5c16356,e309249e,db7740a9,bcee7248,bd9d4820,08c9a1e4,71082782,7da4dc42,2ed51adf,1a049381,d47ffdd8,c78740b5,62195bf3,99987dff,542ee2a0,0a6f3dec,8695356f,867af464
13,d467d25e,059e94b9,58112fcb,c0afbf42,cd4dc7c2,63225bc5,45c9f3d2,c815c379,432b5a48,a3344882,182a656b,ed1cb37e,9637e9f2,48e9f1a3,fe4be0d6,1d561ef1,2a9d815c,04c504da,eb978aed,2af818bb
14,d07c5911,b16f635f,3d722bea,a6879324,43027afe,0ddc1ea0,2805a630,37e5a0a0,eaf109a3,29c07538,70060bcf,4b42bd54,f1de6bf8,882bd164,6efd50b3,bb9486a8,2b41b00d,44e8eb8f,de10729c,4b759269
15,d6edea9c,69421775,2eeb9a97,a618d225,898442a5,16ef81f6,1eaeb73f,b0496499,ea96b7a9,b3608018,f0de667b,b5a9b0bc,83ca31d9,b44e4ed6,61511eaa,babfcfa6,9daddd9f,3a2d62f5,f0a8a24a,39cb1322
16,9b71e91c,ba6a3a54,086fe814,defddbf6,d0a11358,d8365cfd,8bdc59b8,9675755b,daf4dd7f,91862d37,445415bb,0c738d33,dba6a0fb,4aaae137,80b12de0,1921dc1b,19d33227,819f2b8d,4c7e6810,61fc288b
17,b4f352fe,33b2ac77,ab81220b,ac1dc413,ad510653,b52ea365,2bd701d7,81504d72,03c7e086,e46356f2,204f5c04,387477b8,af6f41fb,01f7b3d7,ccc30fa0,1b893e42,7a6e7796,4801afcf,8efde13c,70c45805
18,d79924b6,817f70cf,2fe0e432,4fb572d2,1e16c17f,45bd78ff,13e0e0f0,f22f17e6,38438b3f,f2253bb2,3ad5d2b3,76784c32,4c3a1d82,25435a7d,c6fb81e9,74930d8c,35fd6beb,c563c5eb,6d5bf33f,1df8552f
19,7d5357c7,46cfa81d,5194aeca,9a78a492,35bd6e0e,51e19ee9,a5ebc019,2b5719ae,9b3a5f88,44ac6670,24428a4b,1dc4c16e,a5d53fb6,b0251ba0,317c15d4,cf5704bb,d59c0069,9100b2d9,f8127ff2,ec81e07e
20,54f5980f,5eb7c044,3c8dbb86,299ec878,3e888c88,cee3c4c5,daa72aee,648c3e64,5ac53b17,63304c56,e9d4e721,c259d41a,4b953fec,a740f93c,3c9fa95b,7f94d488,89c5bc57,37756666,c86f8960,e6b8282a
21,f0aab97e,1336dbfa,ca11d509,d5659fc7,c21e43a7,6463ad3d,6d5228f1,d63a27ed,b27f29de,53762d4c,0fea11ff,07cfdbe3,431f4e49,af1b3e0b,d89b9198,5e00f38a,44bc3349,4969e3ce,cffc09d0,387d0a09
22,b7e82fbd,1b9c8fa9,1a5dafa7,002d9c6c,9fe72d90,9bcd3398,ba32828c,cdb407e9,13c3feab,1b340da6,21d3e316,e1fa21d8,7e7a4c94,c2b1a804,a64bf304,7a794e65,e8435f92,15582985,094fac2c,44c5d62c
23,eba13a14,5bf1dbef,14eeb388,bb9ace2e,251df5d2,8a3c559f,7982d445,75011cfb,24fd9948,77bfd33b,9f5e1051,276de6b3,1e8d1d73,a918f4ad,8cc878df,ba8ad6f8,40cb60fd,a2fb066c,029debeb,a914db60
24,04fe17e0,17470644,97271224,36ab2fbf,8c1ea756,c609520f,04620ad4,66c86cf9,377144bf,b4e01e8e,c9f0834d,d510b924,8d3e92b1,54fbaa9c,46acd385,e42d63e9,12ab8283,191138d2,f97d9d06,31986ed7
25,fb36ab95,3548d254,56b31885,c9f8dc8c,0d608fe4,647e3277,8374d875,ac0b42fb,265e2225,25f09f9b,6cc6c20c,a04a1365,6518d248,f9cc3297,a3480b46,d9d9431c,642b0124,e1c88c23,c241aa92,9919e130
26,e8b7f7b0,d37c8edb,e3cf37f0,e1d26189,12522073,9f2c4d9e,d6bb518a,62376303,be2b64ac,65b178b3,a4b6b25a,9922c7e8,75dc421a,ada65e12,0969a143,b66c7b81,a3a86fb3,af1400d0,6d2fbc78,24af88e5
27,090aae65,fa218d1b,f28a266b,06fc083e,f283f874,fc4c575e,7bb11262,a4610222,24c3f03e,0662d68b,a37f2cab,8347ed1c,c5db005a,0fe75f44,9339a649,4c536dd6,28697895,254faecb,022689d1,c08255f8
28,a9444c64,72af12a9,fa65b819,41297b3f,66007677,b73184e8,8a8909ce,3f2a77b0,bb211f84,2f8b2563,07c023bc,87b80647,7e7c05d5,9a75bca4,d439424d,fc6f53c3,a8d66a40,b7868f94,0235449e,ceb52122
29,1a5c98b6,c210626b,a6f8f8f1,cb23788a,7daa6b33,f7748dd0,f72e6685,53e01874,e757c2f3,900744cc,de54f8b2,a0f39e68,5d2fb0e2,abf74593,ff5914a6,f957d7f6,8946d4cf,3bc35465,23b7f8cb,a41d9974
30,ffbdbf03,a9591af6,ecd14d0d,5638cb4a,2c9ccb4a,d976a0ec,bc201eef,79760105,e266f71a,4cecdaad,e5c88372,77b94de9,bd3925ea,98c18b6f,4b6ddca5,5f8a1670,2cb79e68,d36ac1f9,aa818308,c64eea5a
31,4fcd58a1,82760d26,0c8be88b,eda9db6c,9ccc5b40,1c7c2807,bb1e8586,7e7eb471,36ac7be9,69a6546d,119c329b,8045d9e4,6d9dea0f,83001c5a,f5da8100,ebfc7285,e462f2f8,13f4151d,4ed2a3ea,4e04265c
32,7bfb0a64,063c4843,acfa0e1b,c915dfb9,e8e6b99e,d133b05d,657f0278,5972f93c,c7dfa4dc,d00e31a1,d486ecfa,6f4cade3,6e8b47ad,03ab808c,b1649c21,b7777467,524cc208,835c61b7,fabee637,315694f4
33,de085fcb,c38f04c0,1dca9f6a,e20f51fe,0de66e25,766ea465,5f2736a5,c5c6b989,49889ed9,f941c12b,048de4a7,827d9f8d,2e225d19,9adeb2be,0639a166,dba58b6f,4a08211a,9173e9f4,4ac947c6,edbe52dc
34,cacf5b26,4754b8f2,cc15b6d3,4f099ff2,bf1fd8fe,f0d253dc,3df8d05d,da1851dd,a970fa06,ea7fadd0,11c5d6a3,6eb6bc55,d00b0e6e,2fbd97f4,f448adb3,7ce251b4,2d91eb6d,7d77fb37,22337672,748a41e8
35,758ee0bb,62af276e,59b222a0,be2d9e2b,9edc8aca,db948905,d9256134,be349372,2f779c6c,28b16355,d31a5037,8c1cd7e1,8f0cbd53,79e05674,9917f7b7,33699f79,bc8c96f0,de7eb8b3,b4e78906,6fceff10
36,37d01d62,9ca1629c,f7699445,d9edd398,f2e0d8b3,48f957a2,41e38c2f,bc022481,69767049,a3451d49,98edb24e,3e6a230a,0a2bfc26,727adf3e,ef6230d5,52fb3365,f93a5dd8,d3eeb1f9,ad18bede,6ccc8a05
37,943ad398,741365b2,a36505e0,2afb8ddd,1644719a,faf4e14a,44a547ff,76a283f0,499298f3,da8ff104,7edeaff7,e22d6544,b03a0747,eee33c84,5ee07462,1fb24eb6,7e878b84,6fe47f72,880c2d30,e563bb57
38,ade7020d,12aaadcd,0efde6c8,e0dc72cb,61694996,2cc6186a,3acc06d5,526baf95,5bcdabd2,33b6bd0b,a7b29833,50d1dcff,dceda923,ee8ffae1,bb91c797,e696ac59,30193ddf,3d7266b4,314ca6ca,32821bf9
39,ef357ba8,3be8a220,841a2dbf,13aa7c41,c0ab9e74,9124ae3f,77e3be09,c5136bbe,bd9365ae,63cca80e,a2d75199,e7b74858,98c872d8,a5276df5,174610be,564b33f2,5953fdc9,0d8ad338,dedccbba,471bb09a
40,a4abe272,aa97ea91,ae3d68ce,bac75432,0ba8e5fb,d8c26b0f,0bc4b12f,694476e3,2cca45cf,9c1a2902,b667d35a,34e7c8f4,cb2cc538,602ef143,afdf3f0f,de41f467,081ac326,af71c0c7,7e38b5eb,b1d2459f
41,0c4478f8,6c75175c,cd959967,ff981e33,504a0def,d6581a0d,e53150dc,236624d3,7cbf8bce,75e32b34,8e47726f,4c6776c0,2797f1f9,f86eaec7,e703965a,e62353a5,544ac0ed,e89ff2a4,5a5994b9,ccd3bb70
42,0e55cc84,a5a0aa05,18411682,b1fafa8f,91f98633,f89e0aae,7cbf502d,4f67d6e8,53290ca1,98346f47,fb328f20,fb6680ae,6d70bb79,540e8e65,7b22a8b0,3d3adb12,226653d3,be45ebc9,fd93c8ee,3afeebe8
43,e1d9ba3b,1466cae9,3746851a,ad2d2de5,27957627,fbd93eaa,115e2b27,0d536044,db520d3b,328cdfa7,a27cc0eb,acb74b23,8a367ada,0d57cc9d,8fafefaa,bb092c88,f69c38e8,79186de2,a8836d19,508c3d70
44,d53ad20d,60a299a0,22d63c5c,610360e7,72a50e6d,48a9fee3,56881723,493b6ee5,60f6aff0,f5321f5d,1d47bc7a,1304007a,f5dd44ba,6cb9cbe6,27d95020,3c417bf0,0e31a41c,6194ab62,dc8ec243,40c22431
45,878c8260,97226b4d,cc9532fc,5cd3a965,ee6fbbd1,9efea466,141592cf,4ca23bb7,83f5078f,1e4e2586,c83f4de8,6f41639b,b5ea4abd,7a6c130c,b20003c8,72b6ecb7,7bfd9239,8a89b94f,2937f6db,b7517c2e
46,b1b2bc4f,434bece2,ad77a805,b1869a40,af98a5bd,b4b1450c,06882d90,8d021f60,4bb077f8,9dc8eca8,7ab133dc,2baf871a,8d5889f3,3e008f69,7590825c,5c9657a7,a2938ae6,123e609c,84f68368,97cddcc0
47,1bb6edee,2ab7b71f,2df8adf4,d270fe6c,da453d39,0b7ff57c,a5f044be,9eec4065,ea551b28,4f1aee52,f58252bb,b23a27a7,e341e563,14340beb,54107d65,5fe85470,4d8811eb,4c4e1f52,eab771de,40484c0a
48,2eee1d82,eb1a6524,97d3ed21,2b6824a1,ebae6786,2cce566d,fb057214,8f40c236,798ea175,e7214d7f,fd32799b,6f92546b,f984dee7,c66d1e43,786ab54b,61fb5365,cbe2054d,0b3d2399,661965fa,6354553c
49,a874c7f5,aa65866b,b381cb0d,407ed632,b8a46c51,20606aaf,0b8af747,3f7d32ec,8d358542,36842271,f57082b3,e3959864,15f715a6,09be58eb,63ad53f1,fb3d92c7,2abf1845,ebc0db8e,688eac8f,6d176a82
50,b4c31ab8,fa813000,6e7144a2,5fe6b04b,f5c786af,fa968cfa,1fde79b9,4c35e75d,2e6cb770,9c06251c,c9a285fb,b1d503cb,9a287d26,f1df0917,e5b0fec9,dc2cb519,b0b6062b,0e365b88,a05ac7d1,5a8ae910
51,679bad44,8a3a6c08,fddc1132,0d5ce5de,8b0320a4,0db73a3e,10c22672,d25d766c,6e0d6a74,84490b8f,f289b96f,707710ba,beca68b3,5b77e69b,43a3cba0,6b47814e,538105c8,86dfeac4,ed0690ee,c5e66e30
52,6b013a6d,abe54914,dd659827,f59cf6a5,e2127c98,040e80d1,d90fa897,3682c747,d03d2737,5cbb990b,0d5061e2,ce70ca36,49e258ad,64e40e67,d39be294,46ee60f4,b7715e74,aa11f2ff,ccd3f9da,f0ffe878
53,49352124,20b60471,96640696,f6b414b5,d599b4f6,8ba055ff,9653cf24,8a913744,83bf967c,b6468c29,74331a26,7876371e,8f53a246,0ce53a9d,be0517fd,9a2d3c25,2895ae4a,af8a0d2b,65ddd88a,9fa42763
54,7247a22e,272af3f4,fcd0eb84,a379fa89,9ce0e798,0022aa7f,fedba992,cd4c4c84,1384c444,d4ca8a50,166b3d1d,df6645df,d29f11e0,54ef3009,976fd939,6fc1e46c,09e55dbc,913ebe42,1548598a,fc79c8eb
55,926fe078,cd61893f,447386e3,0f70667d,c18cda6a,dff48801,7c856f5e,8c7d7363,bbf8502f,a98a1cc2,0c1184ad,01c39419,6909f4ff,4b2813bb,ae38c852,46f45f3e,4d7164e2,40261220,2072996d,6c6e5800
56,6d7430be,b15adf4b,a2ae52fd,8da085cd,6afb70f7,baee9b78,196e5445,a0878dd3,558e07d7,b49a2acf,9ef2dd0f,705cf1ba,6332e9cd,dcd9d59a,7e26ef50,f5bc752d,443e9ac1,8da2a673,51cfac01,1b65f9ad
57,5b8dd4c7,9e4f5029,5739e58e,13f16c26,e2172d05,2a305544,1b78b004,b905af5a,103dacd4,9b2a1861,cc48aeb7,da7c471f,f2390ea9,2ccaf281,ba7c2cd2,e59cfe38,33448e46,5f5db511,ad77cef5,c17e42de
58,c0bf4cc5,daeb85be,e2d76b0b,df46b258,d31a392d,ea729950,cf9c0391,0ee58bdc,9f439f01,ac244e4c,f9fad12b,27798b7f,50c3c2e1,34070e0a,1fb19f2f,ceff1c6c,97917db1,4c8d85ec,3a47f037,c247a35c
59,5e6eec4b,5ebc531f,500d53ea,e08f69a4,751fd6dc,bdcc85ac,3ae44a28,565baccb,374ab524,3ed0fccd,e809f912,db37bc8c,bcb5aa06,18d3677a,ef37c25b,785a7564,7075f238,37701650,e322c107,b8239c6c
60,a63a6cd4,50b794e1,24f7d49a,88cfd58a,f771bca7,2a1b7bff,82568b1d,697e8a3f,b96f5868,13bd9fe4,c54699dc,cca51d35,5ca4ed06,cda9f1cf,84cfa50f,2d6704ee,3fbbb258,be67c8a2,22710f1f,6bd58f16
61,770265ff,42b307e5,9f3bfe28,76c7e7ee,c1b7e632,bcab6429,24c0f10c,28dba0b7,1932a31c,719f1032,2cb34c76,00413bf6,dd685d7c,1c01a8af,adaebf7d,a6f296d7,11462949,5ffcb89d,31579f8a,86adc3b6
62,c8fb4c6b,8eab4640,7e25cb35,7c49645b,36e805a4,ae627b37,34a33824,8f6e1555,96c3d078,cad8e6d6,973a1a1f,4eff5635,f66cac77,32be10b0,b04ce092,90c82959,bd250302,b543595a,83077774,8d126e18
63,e4554a61,2b4bc7f3,fc7d4713,f7c5bbb0,2077c5a0,4f3128a0,28c86ceb,ba5fbe01,358bf094,3aab3da1,97cdb0c6,11307c48,c48114fa,2eaafc52,b2019007,47815d73,b9e284fe,a170b313,e7525d5f,1a69eb4d
64,537315a8,534d2a34,60914c2c,2f05de37,039dda2b,706ba940,d7d1a196,5fd5367a,36334903,8d3250ec,f5b25b98,a747753d,05b970fa,c5944ea2,b6bbe98e,b66d8cf3,84d72ee3,dd93619d,cf66294e,46c5de88
65,b1625a14,4dc05bd1,314260f0,8d2340e5,490bdb4a,505bc5f8,72543f87,c701a5b4,ec9d8a1c,d80d501a,a9d35d58,bca6c89d,f29f8b7b,eb3d1d12,c0b6a352,dea458ad,5d213bd2,a056a64a,3741d1d2,963585b9
66,d16a86ad,b1f90957,381ece2e,4b5c2eca,98dce073,84d0e29c,647fa2b7,34894b57,82aae5d1,3b6843bf,bd2bb9e1,598967d8,faf35d5e,4f30da95,1cf25f09,081f9f95,bb396eda,e4e0e3c2,99d0c1c0,47ed6aff
67,0894581f,77832232,a3c6e50c,4951b658,3499473e,e428c670,fb1e6c57,43a34dfa,34d7ec22,ecc89e17,b2714f45,5bda7ef7,ec3b29a8,1344cc0e,35da3db2,1fa75060,17cda43d,3a9dee0e,d7610f63,73330943
68,beeb2ef5,d34efb9a,da03f6a0,be4c4330,fc794783,eaa3f190,eefd9a71,9e0ab103,764e2b97,e841f567,de9dbf4d,e20b4ac7,fe3b4dcc,ca498a8b,2c395f2c,9467514f,9b713282,baa54c87,7ad7af17,3423c4a6
69,05c8ba47,24ffa03f,a93002e5,7fbeab55,db7a2240,18d38197,2e7ddf42,01d5b10c,6504b736,6ec485ba,0c15b62c,ffaaef8d,130be39b,f4a17cf2,d27494d8,7a4496e7,e5452db9,dff21fbb,cadc49ec,ecd65135
70,a1baf431,0b3c111d,2f45d1f1,90e102d7,a249b656,432ca304,a2795335,58f34cf4,04770c7d,a2a261d3,59bbd7c3,635453ed,61f629c5,e997b3c2,eb2ab133,864561af,0c644ea2,26371220,b56178aa,164ba705
71,75c144df,11b1e2c5,30eadb0d,b15c2568,d6512cb6,6cbf93ad,38430d22,eab95975,09b396b3,d4f072a0,89c571b4,604c269e,dafce365,4a3c5ddc,dde5cb85,d318b533,bd144cdb,c1db5628,afdecfeb,f835edaf
72,f1b73ec8,b701ae00,2c576728,3397687d,d1a19d8d,083519f6,8fe983a0,d174bfd5,88d0d4b4,b24a2cf2,11984d10,378ffa54,73d1a790,9f4eb248,644a9501,72e4edb7,d1ea2d3e,1ce7d0bb,cdddf7ef,02ce4302
73,cfebb128,a756b1ed,006e0d3d,582329ec,af0f1573,61d44422,66a32019,b47dd553,13254601,c55c6d03,e4c059f1,6d772888,4d9ca12a,5c38355b,376b8859,76bfc64d,910e8707,b7d33c92,dfd2e675,fbe7353c
74,b956333d,b0caea5d,e514a1da,77782ffd,2739b020,caf4ff4d,0bddfda4,931ccdc3,166b60dc,5e18e9bd,ca9b0f0e,debbf6b2,8d7ac006,2621314a,6db7f6a7,450d423f,9b0dbf03,65196811,ab998cb7,dfae63e9
75,d8b44566,2fad518c,8996c5b3,fb1600c5,7627621d,2666d90f,f545ed7c,60bae5a8,0998093d,3bcd0102,6567e5c5,34a09596,142ac736,717cb0ac,28c95891,caaee8bc,e1623e3f,cb814b0c,75c34e4b,35f91cd9
76,586747f6,5f954024,b3460133,d3bdc161,162b38a0,80238bca,ea0f0bbb,7ce0c9a1,76dc3239,ce97c7ce,1b90aaa6,c80715a9,7f6643cf,2cb88c9e,1b207ce7,06cacb98,b9ea47e7,4ef9ea8e,0511f263,98e34e35
77,df8c88ca,b1688ee6,312c5449,b4bc8986,671922ce,a6d3e3fc,94f7ce4d,abd97f53,8e7d8fbb,57fb96e7,dd18f310,5267846a,eb64ba09,85057e4f,348b7b9e,0be51203,a76e1429,f428d2ac,c9beb78a,87d8f2a4
78,0fe0411a,a0d4a410,45d81a56,f9790b91,5d70f4ad,414d9d02,e5f6856c,1b5b8378,16d7f17c,6958dd0c,b63c6da2,50f7aa9d,7cf9aca5,e59ae465,aa29ade8,19b25548,e971c7a7,8e2a83e2,092ba0bf,9d8b0de5
79,fc534ae5,83e5cb47,58bae33c,7beee80d,690c5f47,64d12890,f76b1ab7,5196efa4,bb225a0f,9d9632f0,7387beea,2fba9b3c,938a681f,e8f16753,23baf54e,a2e3c57c,2e28bafc,d7cddb89,168ffdbb,2cc0cca0
80,23149b9f,24be7eb5,2d49e061,fab5bdd3,7662bbd6,4734d7c6,1a78a711,c119cb8f,6c1904ea,c9e879fb,2b13358a,0bc75dab,2199414a,5c6a9de4,c1da135e,0d2be22c,b887058e,4a9eac44,528da152,37b7fdb1
81,7887da0c,c8ae7ff2,8a04a313,e27f37a8,230bdf7d,ccc4246e,efc9d4f0,d3a73252,457821d4,4343fc29,e1a1da5b,4803ebfd,5dd60e18,17055a1d,9868630f,1dfe42e4,792fa284,d7c9ae3a,19214f7c,03a1e30e
82,b88d379d,5a981f53,71f378ac,3f66d8da,94b1f0f6,27b0cd45,75aa1b66,0d35b8a1,5c0750e7,9c31849b,b126ae61,69ed9980,7870148e,4e5ef50a,cc136cc2,e1975d80,069250fa,3efd4172,d725ca59,c48f27af
83,d864636a,481986fc,26671911,4d0aa8a6,ceb2dedc,975c987c,0045c9c5,fd2f251c,b3bc5de3,ab2240ab,a1f4a2a1,0ead2b55,0a47d12e,f574b224,9e46c669,863ea6ae,3384e315,d634be19,fe47d9ff,d476c345
84,a12f1bd7,1008a1f5,c9b1f971,0573529f,3f499586,441bf352,f5255571,256b7e6b,e0c422d8,5c6828de,1975abd6,da3586aa,2d2d4afd,4bf4edb7,a093ff62,25f314b6,0ef9d863,bdadea9c,8da07b29,94bba809
85,206bb8b4,c671ffa4,1e5a9132,4d530dd7,792bffad,df3dae4a,ae6d1353,ff5f14c8,fff5b145,5c5e2796,0dc62621,8da91bd3,d854dd17,09e093a0,a4d579ad,280c3b0e,ba279541,0ff3a2ef,a55ea647,d6987276
86,49022178,54315309,a75e017b,eda2ae31,ab49b8d8,d758102a,c170afde,06efa828,3ed7b9bf,f91c8694,5a95b8c5,200bc6f8,65be13a7,ddc5008b,44e37189,40cbf5f4,a708446f,5b75157a,d02e115a,fa21d3b5
87,7a546f1a,43791f04,568cc5a0,b4da76cc,ff0a4d44,0cd40845,ac8b3418,324900ef,ff91d668,edc16e88,4ad7e6cd,4c68971a,8a2db871,e326d839,17dc0e3e,3619f6b8,7d280313,47fc8ab0,bbd6547e,2f8fae15
88,cf6754d5,0d80a685,c9f8f93c,81b1e4f8,cbf8d80d,aa645492,be04c95b,5d0b62ed,cd25e57a,9e6938bf,7e2c2450,53013641,7148bf94,c9f61219,b45c867b,9ee667fc,c551a195,96814f2d,acaf6ec8,6e4b645a
89,36c862eb,b7a28b6b,ee687069,7b4d0f6c,1b9285f6,c4531a25,5b9b7d67,e3a0e102,50ac2548,04ec90e8,81feb1bd,b414d8a9,9b328324,7d7b9eae,da84b8a2,75d9a095,13ae329a,4f308d35,2d91b82a,18bb0c5e
90,447a7e02,3cb92d1a,9c438393,bdc320d3,4d6126d1,c6ff181b,79418635,821fb748,40405841,55fe0045,f92a0996,7c6e0659,6984458e,0f12098e,1a3fd8a5,ce0b2b5b,57373817,2db35d77,258fb907,66b691b4
91,ab617b40,ec0d2037,76b07eed,af871647,79af474a,338b7c50,71fb6bea,d27c2cfc,0603b6b2,53e7af8b,85b4bfc5,ab808bf3,dcbe24e1,ba6b47ab,be67417c,cb7a2387,17473287,bc87dba1,2823d504,895dcf12
92,874257fa,bbe4873d,6bba3a86,4a057925,2308ce29,64ebb707,ee88ea24,2a794a78,8ada2bc3,954adee0,46b7aa53,fcfb0231,60888870,9e700f5a,4da9f8e7,854c7fc8,f5aa3518,0283f862,7f8c83d0,e31a4ce7
93,a3822535,4258690a,ef7bedd0,9510a530,2146c674,4875e90d,1b211e1c,c0f47182,595c0020,3279be9a,ebb26854,4c70ceab,5fbfe12a,936b07db,df421321,5743c20c,bdd389c1,826c078a,31f336da,2feefe22
94,9e3b6c98,c94c357a,06b8caf1,ea79baba,7a7b694b,2df9e82a,8f767605,53bf0138,06be20fb,78dd7714,cab0e6e0,0381bed4,cef5625e,65f1de0d,d19d5164,5892498f,7bbcf409,d05649dc,6dfaa7d5,583819b2
95,fc159ed7,5992d44f,a063348b,a53de499,cbfd4a84,5adbb143,f132e977,82a673ae,d9778490,e7855195,2458ea42,58f7402a,ab9362d7,8b510938,6ea3c3e7,7825d584,b490706a,7052ff1a,178327d5,7cb1d03c
96,3fb205bd,e942e6cc,3751f5bc,c0b1e323,65e69d10,5f368ca6,2428fdf1,607dad69,8c54b4b8,92374aae,e4132733,5ccd17f6,3ce69e1f,7bd8ab07,ede0c542,a67acb48,0b7ac80d,b884818a,2648820a,2b01fb59
97,a8478c88,0ac485d2,39d57b94,27c95b3f,cc78cdc1,90bb59cb,8c3b9c5f,cb64e184,c7235a8c,15cdae96,8467afe9,249f9c2b,1ac8df80,092dfee5,4380710f,eaa0a933,41699604,74964d2a,e62b1c80,02f2d741
98,ace10fca,7b561516,a8900b7d,ee5ae905,44d9c0ab,efb94557,08c1a319,287cf00c,ccada2cf,f0629984,8b8f04d2,3e930a7c,042e8336,58308cb0,c8f7b7ec,d1763ddd,c83db054,a083fa18,eb43358e,8adcb753
99,4b25efb1,8bb4c624,edaecff1,407d5e76,b6c493f5,248072ab,8cb634e0,e0c68316,d8be764a,fe17726d,e44a5466,bfcdaa17,7cfa71b7,8e5d1cc8,557a6b9b,66009ff5,19e8be2a,9d5aea6a,f1a1b28a,4bbe01ab
100,64429bea,03ef1494,ec28cd6a,6df61932,b2684984,ee9c5469,6376c1c2,4228e995,ccd6e927,bad33044,040ffead,3595bf7e,fd9eb83e,28fa942f,911190cf,1fc586e1,ebdb8a37,4559eb0d,fa3a6d6f,acc2c43c
101,69a16a23,05a8bc90,6076e8b8,4d64717d,8308efad,fec8a9a2,35e11242,4a213188,17fd2a14,5e7780ba,48681560,edab1782,70933495,9e90ddb6,ca721837,49b0b492,ed40c4eb,d3d3afc0,5d101f29,9ecbf037
102,8485a527,1b180dde,c391f4d3,86859526,ab964a31,6d094563,dfeca018,800bba8a,4c9c5a7c,acbbc73b,361cf373,569ee590,fecaa069,11f04657,cc1071f8,0c5b5f44,bb0d96c5,f6819fa9,2c071b19,b2b31053
103,e8a90b34,6488bbe1,b364d4b4,215c6b0c,dced0c8c,484d945e,87b55c55,27c7d03e,0509d583,7d198c88,1a453e85,ab679fd7,331a7242,c1566c8d,148896b5,d2982007,1de7a921,e21a65a2,54ce03ed,a1be5a33
104,acd171a4,1c4fd9ea,e5c3e1ce,c9881b6e,3a54381f,dc9d20d3,72192317,6f7f8111,23ce98e3,58acea68,4ccb9cfc,4ea8b263,3a8ce247,896d2e90,5f66e8c1,4bb393af,67446afc,4514da3d,c38db382,2f38cbb1
105,543b8518,34d951e5,5f8f245f,14dfc474,9af0d7c9,ac077ff0,fd151018,04c7099f,3729167e,230c21d1,14309aff,32a3efd1,6c927247,2665643e,e5c7d493,1873e352,a7dd3758,1f040ba1,9c4757a6,694da649
106,fc69a3b1,5f34bc25,04c9a111,bd765d24,12b4fba4,001790f3,6d8f95a2,c23bc47d,063e28ee,be2dad11,7051896b,d30afb4d,e51ec184,b46cc43c,b03b8931,0a50d02a,ee7c30b4,f4fac8d4,6eb727b4,2b812e6c
107,571e0066,0d3acee5,8283702a,8b8f1db1,53696f1e,a5352fd2,f2809c2b,95ae6b59,c1dec3df,1f8a06d1,792abd67,63a1a6be,73b12ef4,0fece97f,65e9c56c,58d70d63,422d3a3a,c6a36213,a23f247d,c6076521
108,cc5146a5,f308c17e,ce4fc124,e9bd7f02,7274c504,9ebf13bf,a0afbc39,bef1db55,02fcd3f2,bc3e3501,e4d93b74,84cc9bd6,f3ba1380,f740452f,05667a81,0f107a03,d6627281,845b1089,a737fb0d,08b07274
109,02d5543f,64f2c14d,51acd96f,91f8187c,1c2a2892,785b0443,19c83315,7432779d,a7c43c79,58db09f4,b8d31783,5968b92b,bfc2b329,9e21f003,6d2b7731,0fb06e0a,5e425b4a,528974b4,9b140c43,75ab4570
110,91eca7a0,a85f4236,1d36403d,27fc81c8,221d947d,69cb482f,65309708,f3d77847,fe55067b,f03d8867,67d1eb90,6e3aed36,9fa81992,a4bbb588,27d1e7a0,af20504d,94aff8b8,e7fecfda,cae7078d,9c91bdbb
111,bbbcdefd,0240a5ea,3d2a62b9,c74b3bb0,8a68db39,0e043791,420d0778,6a1ab96a,cc0a2acb,459fb87d,5afd9cf2,eb6d5014,8def6b56,6a244f36,a6767134,49ca43bf,4d7dce8e,e18088c8,853ff703,8cd0779c
112,1ee5ca9c,60dd0772,b6a30d49,9ead2091,852de53a,e29555b1,59409859,0b2ef74c,77409603,700139cb,ff4b01b8,25991714,59836eb3,b0ef02cb,d625bb32,4ca228e9,e35ac80f,340d7f0a,11cb0b0f,21b00b7e
113,07af1adf,00fe52d6,c1dacd95,17c87df2,2756a5c1,df09048b,804baf59,f2a55905,b7a0e43c,16a5efea,e6225688,424fc4aa,6f79e7f9,20dd31f0,caef713f,f2130957,aaf666fa,8c4f974b,b3b2b289,4574d944
114,0f0ee335,3f9bd490,91f67682,9e4e607e,2ae020b2,ad7edfb4,5e6d3fe6,0acadb3c,53dad73d,6027b0a4,fa540633,6652ff7e,e985e999,12a18692,86f86b3a,3ca0c06f,cabf2558,73d4db23,b9e47076,50b089e1
115,9b7bfab5,88e58853,6b7a81a3,23d66f5d,8974d28e,112c13d3,6994ca7d,624f50a4,e60a730e,35b8eb4f,32c2f04d,316d2a4f,830e375a,b651b00e,81527440,c128ea30,3aebcd26,7e999e3f,cd1996be,0a1e7b5e
116,213e49aa,1be326a7,c0a4c08c,81c7eeb1,3e738fca,59ed89a4,79c96fa5,f90c941a,778d653a,be578a9e,1f9af134,2e33b4ef,8c2ddceb,f430b0e9,51e529a4,96f15b75,afca0adc,b733ee3a,59daddc8,27536a56
117,0affa582,2f78ab61,7f364f2f,8e476408,3d35f7fd,aa7ca534,620fd536,bf485a00,5e74f265,bc5d4067,92b7119d,718da93a,063da019,b13f853a,6fdf9605,807372f7,9af732b0,aea3e63b,3a47753f,6bbba7b1
118,2762c51c,5ad33613,d6e24db8,bb32e89a,6dc7cdad,643185ee,963656a0,23b9a982,29b708f1,3bc7f46d,660c9475,cc75ae29,24fc5ba5,8b080316,219b0b93,0514b882,fac3cb08,4ce5fd46,783f99f6,b29a9b45
119,10b0eac5,62017951,7437533e,a77b8d99,6a03fee1,854a3ea4,3dda5e55,5ba20c45,0cf78c5d,bf3fe34b,e0a382f3,35ce2453,22ca6169,7d80ba8b,5c42c367,6625360a,6f9854c6,8e7a39f0,89a7dada,9c0293e8
120,46b11394,e1f6c53d,c0d0ec98,63e85617,efdc34ec,89037457,395c6856,72312e2c,649e223c,a8359289,3b59932a,f76a78e9,c8b530c0,f5f4fa84,815e468a,9036838d,4f5ea2b5,136f9de1,b0c5a6e4,210cdaf6
121,86491795,ee09b174,09c61d56,6dfcede3,63e9eda7,05b0587b,d4c10fa0,c289ddbd,6698d4b0,df0f03b1,bc3397aa,c7ad0e70,b5d5e5ac,d279bbe6,00dd57c0,29c49979,42a5efa5,d4b3f2c9,984bf9f0,dcfdcf61
122,32aa9a04,a0d9a960,52b54949,636303e0,a74ce7af,02427dfe,094c9c31,071ae307,eba7115e,c6ff35b3,179903bf,797f6ca2,d0919388,5abb5434,3af0b229,f70c85c5,cd967940,98220ea6,323921ed,def562fc
123,36ac4097,e05d06b6,48897299,8823ed64,457aa69c,6bc3496c,ff492b72,73b01100,37eee847,cae00bad,ec9399a8,0c1e9fbc,b257bd06,38ad3dcc,7f68c09e,fea035a9,135c4fd4,6977f303,fb371774,036975c0
124,924345fb,417eae1d,55d1adfa,a69fce4a,197b8e75,f1af865c,82d114c5,67c159a6,c1ea67bd,210ef18e,9691a004,5b591509,efc356a2,d076c8a9,34b66366,368026a9,f9710123,5b5c478c,037d8ce0,c598d7e3
125,68228c4e,b8c6627b,c799a203,21acf274,54fc372c,4864e2d7,a96a9f89,95898181,b141be86,e9557b41,831562df,3a2bf162,fdadb6e4,0a2f9deb,7f558e6b,d03371c9,fde39cec,ca304898,b0da35df,0168239e
126,e3bd36e3,1e47cefe,88648ef4,58b04fa1,cc948898,6b72f3dd,8f909392,b0887fa8,b9f2a30c,c52470b5,404107b4,092a4e0a,bbb8eb67,2e1d1e27,41b12687,37236f05,e2bb9b7f,77f71407,d1d43446,330ca653
127,5158876f,9fae1f58,e7c7e9f9,b73f159c,bc65a891,b10aecf4,edba5205,6251c698,979dcdf5,c3e29957,b949dbcb,a3a87022,124793e4,6f7be11e,9bbd79d0,6bd87f94,1750cd42,234186d7,5bcaa5a0,c3507410
128,b4fb9113,93a32a1b,1211bbfb,c8ccda4f,72fa449c,28ef0fe2,7be65f45,f25a9801,dc3ca13a,e56a28c6,09b42b6a,561685c9,dd2ad0aa,70cb0ca5,12f58621,708f70fe,246816aa,ae78c50e,6a926967,3460b7d1
129,2eb5a9dd,b23952b2,3c62d2e1,a68f4fb4,7b92bb6f,7ab56594,2146aeec,fad9e0a6,7c865641,f984c0b9,99577a90,989efa42,a9301a1b,274900c3,35a75750,7710dd23,8bd69cdd,eee0d56e,65350874,5f1cd02b
130,ae24db83,69632a3d,b36457b1,5813f8d7,753c0ccd,f5096074,5a396982,8be95080,18935832,8bb3f021,d034001d,061645c5,8c1d21d1,4b9889f8,01d3a5cb,31d1c287,30c8cfad,41f3bb3c,b281cfb8,358e8ef8
131,f9f07cd2,d70a48fd,cece85f9,077535b8,91e7ba5d,b6916672,ad4340f5,4d0bc5c8,5a7ca042,bcc1529b,46cb8142,551d954f,10ce8ca3,8cb991c1,05341e02,4a6e5cba,d53c203c,5423282c,9bc2913a,8caae12d
132,1815525c,50639a86,0b7a673b,e0d7d202,33abe8a5,d12210e2,56d9efb8,56b77ff5,8670ea6d,6dc1bb18,b4d13f17,011f62d4,e0612652,fb472ea6,0356e4d0,5dcc3168,207ad396,c8c8bd29,69fbf06a,42c2cd54
133,e954b12c,6acf4420,4e6f4477,ed6b4e59,8e7b3582,c3a4ace8,07d404c1,0616df2e,0d81d418,cad87ba0,5456dde2,40de1961,8f242e08,614604cc,32c4e064,763022fe,b6685b92,c4437028,095f8749,f6867ff6
134,ae1e937d,cb02a879,247901fb,6363c4e9,a046315d,a4b35652,5e283450,13c3fd32,8ea21cf5,c3c8f901,03af0b45,3e34a58e,ad8df767,e2b8800e,b0afb791,e8f665b6,408db6a7,a43c709e,e9b96f6c,44c07683
135,fe871c5e,7e09a5ef,14b350f0,0ba94d1c,dec73d15,9e3db641,b825eaf7,cd55b25d,79ef612f,6d1aed8b,6b02390a,03124e7b,2e34e392,a2924193,5ae55864,e309dbf8,3e6b973f,405d3970,b67c1dec,0d8678bb
136,cf4dc43f,0a92409c,f517a423,ce7dc9f2,a3c14003,0e2ca40c,189cbedc,7f678216,c782b3b8,ac57354a,05ed9099,ebfa59ff,d3c65916,6da8a367,04026f3c,acbd5ed6,d61d90eb,85743fcc,d23f3a14,31303657
137,b9b680a3,ba51041c,d45e9373,52d192aa,705136cd,726b4065,3aee1c02,8b523a09,267170f1,bf5feb67,824bf600,e5d88f45,69d64f50,b4d39d37,36e45279,c3717e9f,d80776db,f1d4dc33,91cd027d,e2c432f2
138,98380136,bcf158fb,0706dda8,db18c080,7500e7e1,e28f8ce7,058acee6,c93f74c0,9de541ee,2318ba52,6f3d6b01,8063f1de,213ce7cb,f012af27,76c08448,40161b80,f4b3bc0e,fa69e2dd,737a00a2,dd16e102
139,eea1e75b,0a02eca4,089ed16f,c316b023,8a4876e9,a7fd7fd9,0f9fefb3,180795d9,9d5de99d,e34c0a08,0335d753,7befc7e9,bf335ac2,1c1f5eb6,a79b4677,3e100d7f,69c92383,0637ab11,145ba267,863dfba7
140,5f6826bb,a6866524,dc30413d,40eccb8a,9e9cad37,e5a466ba,2b17bf83,fd7365e1,0adaa040,a9bc40b7,cbeb2017,c1e91285,2d82100b,b1239b77,c2064a16,9b880f01,a68cac61,711aa3b2,6f120937,4bdf270f
141,748c2def,a267848a,f29d96ba,16640a2a,3bf2ef17,76afa763,b39fbaf9,aad655c8,3d85dbd8,19efb519,ee47d1d5,60a74b5d,cd35fadb,fcc6c945,300e9c98,71420d9d,f99795fb,8b6394ab,653d205f,0925b9bb
142,03f68e0d,adcd4a44,958d6f7b,0d231b98,e68bfd37,47e96298,30da0190,0b7c9ce1,3c77115a,d6a1477d,e87f24fd,0e6bb8ad,38119db4,74988808,c7cc2509,c7a9558d,d11b991b,7c1cfce2,537dd7f7,3b5ddec8
143,e0ef5d6d,1487744b,da4c0f5f,2c4f2804,bca678cf,c7b69d68,10c1d5f4,f139dc21,d4007ccd,8a365e0e,df5a26a5,61f4a689,cb32f170,e0d122d5,3119575f,900568a8,d3cb8478,a6cb7fa0,cb18f9be,72b2beee
144,af2af139,f0ecbbe9,6e6bc1cc,7570d350,6845d250,2164f93a,212f594f,17f57213,06126dbb,7e4c77a3,1c3761b2,7319551d,d57b8d75,22073aed,a2b8694b,bf9c7e43,184c55d8,0298de47,d3392d91,73b5a57f
145,19bf368a,8444eb7f,881c429d,31d2083a,96d39d8d,839e6440,c8df2890,4657aaf1,a5fdb84a,48856a09,dc5e5e89,b5b44e06,22a875b6,0d812c1f,4947e8c8,aec3ba6f,09fa0afe,a193eb82,1afa7dd4,7855d742
146,ee017562,0e728cee,7c6ec03b,9911f053,75ca3f03,d2665522,8dc8f662,e7399d98,3a3cc282,92a41340,4e74d317,57bbdc23,e474a270,3c5fb787,063c01c4,93421c6a,bda2dad2,e38ee9b6,19eac534,721fae42
147,5c3344b1,57eede13,feccd189,0ef324f8,3314b2b7,21c55e31,e0fbada0,5b751c03,65290c04,abe36b02,e611d56a,cca472fe,345fb94c,ab289707,457949d0,1c8472f4,d2ce8cc8,1f9bfed8,811f5ecb,22730671
148,ec122c35,88d87cea,7ea19189,2b1f7135,c8aa73a6,6b106293,533b2468,dd6cd364,0b46b3fb,b011858a,e3e7e506,9cf15357,ca615f80,cbae73c6,aaac6a92,e98e39b9,914395ee,1b76a0ab,61897037,eb6a292a
149,d3eedfbe,a1fce5ca,c78106cc,207b370e,5cb2519f,418ce0f1,1806e0a8,4946ca6c,970cf377,bfcc44d1,85e3637b,26a73362,e3fc6986,30a0e366,c800105f,23355759,b5decce6,b7ba9bc5,4505c442,731585f5
150,d6840fb8,26468d44,81fb8c9a,cb4f50f6,68ccdac1,45c706a5,76907899,7d08b95b,45760d34,297f33dc,f77d4181,25fdc9e5,07d46881,27230f58,ca99eff2,159e7581,f3281d29,46604560,5f393ddd,7e20444f
151,7b354e34,db028251,1135ccff,f17069b4,7b216f86,65a381c7,e9c61913,e6df1b95,b2f33730,d31df83b,f9a0f219,446acc15,fb1b843b,3230b9f3,f1b78c8c,080666a6,e15b12a0,582cefe9,86774ca7,8fb0f4e3
152,e108abbe,2865c0fd,7c953fde,f11bf116,bb17a9de,4c1da8a2,567de6a3,a992dab1,f5ca82f6,2b68c0e6,99fc6349,8ac175fe,07efc137,53c22df8,e5da0c6b,149606e2,42d7807b,1d247b91,733ff5e4,614ae2a9
153,fcf4000b,8115925e,d9ffbc9e,221e4251,438e4645,8848b43e,f0c48401,190ae5c9,b945f42b,59165af1,69791de4,28637618,f6e5ba8c,402cbe34,d7956501,c5ac4319,d5d057ae,ba5081e8,b21b24dc,59e3ab7c
154,70724c6b,f9c0593d,16fb4173,8c6a9693,4c135bd4,698ae7a2,89022042,40378cfc,a0f1a962,0266647b,443e9689,811faa99,516dd407,e66572ab,858e6710,bef2c55a,4f0295ac,a77c9cab,77dac247,a6ab41e5
155,fd7d791c,f9599943,f3c7aa9f,120a172f,94d84743,24697ba1,a236c7ba,67eb685f,6c9367e7,42cefc7b,5cd26db9,2cd13758,702f4cfe,2ea71429,6c598eb7,f59f35c4,b617f704,029100b1,4a7f0326,e5f620ed
156,b177f45e,470335b4,76346d09,f7c08a88,1133dbdd,90c681b3,7b7e2977,8da694ae,c0a5b0b0,2b4c7ede,3b2df810,24fcbedc,3ba3a489,6ba6b608,6070e757,5ee4456e,5640c848,825cdcd1,c62c0dc4,32388dff
157,5c72d75d,e89d641a,4526ecff,dc0b4245,51f51e0b,42c0d5ca,3586a3c5,0494611f,cf446316,388ef63f,2e1abc55,0cc9fe5b,388754c7,a3aca309,92662ffc,9c1751b7,189c58cf,acf2c4c4,4cc20ba4,6d2fa623
158,abec39a6,cb78f7ae,f95256c0,25254ec6,880b6bf2,f025009a,f121a460,66cf32fb,dcc86d81,a17ee307,40979983,d6a84ca1,16a728a9,f34e9fb2,3c3bfeb2,91988e09,f2da26c3,03141b96,55987f26,103e6c2d
159,d54d2ad7,a1a74bec,48e8e438,34ef6e56,c17a4ed9,d43d801c,a1613486,3b939140,63db344e,67be4cf8,bf5b105a,01528a74,0d1cd14d,3afacd2d,23819731,c132f324,52faf210,fe26595c,f853e928,e631ac80
160,89dfd93b,299bba5e,0ed6a12b,811591ec,820d6765,27321143,39f35dc1,ed038f7c,4096120b,369598fb,14e09f1e,6b381112,f009cfe6,7db1020f,f1735731,4e2b0f1b,336088b8,8f401518,dca78934,2196370c
161,662037d8,e4942e50,b8c43fad,c0018961,494a64e3,448f9ad8,1f6c4ef9,d9c4941d,8dedf110,1af50d73,17967b6a,eb70a79e,56fcbf28,66e61181,abb8fe24,62b8cc90,c5c40347,6404d595,c21c6710,985bb648
162,cd5bf56b,c87372cb,64a48fc7,9271c8ac,dacf17e2,de592f8d,1a85fa81,c3dab956,e1c87496,bcaeb9b7,fc09c483,f71bb8fb,e7973ba7,95414a53,7d657d9b,80e91faa,8e130296,e0e1893c,c1922d70,c40b914f
163,49a6ef34,88316d7f,42efffd1,a5596b97,b6b1d4ab,ca5bcd4f,334a29de,23e2b2c4,841a79c1,11a0f71f,799cfa72,e2458715,99db0fe7,58245726,604bb646,88a41e12,9ca86ea5,6fda3fac,16b2e504,f0f07986
164,f4fe0df1,388c5072,a71884b5,30dbd3d1,8b630e90,6d4a6582,2f2680d1,fdbee40a,932aaa59,31d44b53,d4f56519,3a534a10,c0d46649,3f46d8e8,0ec6027e,477d1213,0cad0e19,1ea28e5e,4ced5a00,f9d69d03
165,cce83d18,cf059d3a,8fbaa8f0,3d907651,f938f66a,9401b448,1f81e1e7,1ae65c2d,fb59a25e,ea3aecf1,b3fb426c,c642636c,cb685c58,3036a8fa,238c77af,379c16c2,4324773e,bac840ff,ef69e10a,7c0aa179
166,ff9c5947,928fa294,4e78f9ae,64e22120,e82644b6,1771bd24,e5ce5eb4,817238bd,3e21880a,ff839079,283dd64b,f688c941,d6817883,323e04e2,53d0aa59,f384d8be,64fbf159,5ce55281,3a5c82fa,dff70e35
167,93834043,c294738e,4cb42ed8,7442ce80,86c0cb84,9113a3bc,b3bdc333,1a420bad,43265897,ccd94ef2,53f8c41b,d0844884,33c3d8c4,356732fc,293cd1ba,e8064fbc,5c994aeb,9bdee92d,8f89be78,5e0e15a0
168,a4d8899f,0640a745,852b4637,7bc3790f,58f9fc1c,9af6b355,554606eb,449a790f,fbe658ed,b3619c03,4cb5aaab,927bffe9,cda6d586,4de01a88,58a4364b,bd3ac411,871627e8,f8f642b3,f2720c51,00164523
169,b1d470cf,05fe5468,4defb564,d2e75b3e,90cb70f7,a7af4e1b,c070bd75,f982e649,fc88fd85,41e19cfe,d32d1084,44b72b54,fbc5bc41,19eac8c1,03c9807b,d79a0f89,dc1407de,093f6969,6e2d20fb,c8458243
170,84ac80b1,bd72e406,12266f4d,f474de52,09c5215e,bb9f2fa4,31a0ee7f,b743a6d3,5009b40d,3fdb5493,a9581654,8dab5d09,bc304aff,62e36821,42b0b8a9,d970159e,fedb5af8,498c2aff,7ca63e81,6eb64d53
171,43c211f5,8c41875d,fd4af265,79ff27d0,3195d60e,98cc7f9b,8f044793,f7cbd0f6,1e29e147,2eca2e8a,1cd59a3e,570d84f9,6065fb5d,ef54848b,58dd775f,1138bfa0,c94e2a4e,a482892e,47ca4e6c,593afa96
172,66c673e0,1b68ad23,5d83fe52,66a47652,efb95fe6,70f34628,ae6fd730,99762ba3,c212a4a8,8c3e849b,d5a8a1f8,5b064e68,e61a81aa,9b0f2860,ff6bed96,e818a4a3,c8704e55,497ae6a7,7849f4ba,191b2070
173,4560597a,b1485f27,ed25ee0b,d349c99f,c5db7226,9a1a4920,0f004d61,5cbdc370,f2f918ca,44bd0ba0,626e6183,73898e04,0c146b1d,4e4c059b,a27f4b55,0c12c7b1,b7cc6f6e,cf15f6cb,7b69ce58,5ea09a98
174,c3c821ce,3e58ba4b,ff0c7dcd,24e3ee05,b32a5a72,43987a95,3e713dfa,4e0ee328,8aa39aab,02828f89,53671452,790cbd06,9c053257,60841b63,dfba6dee,7358dc5b,68836c59,834800a8,9da0d321,c819e91c
175,53528ed4,38948cdd,55acca27,2f19709f,c4e1ee3e,eecb0bbe,95651a31,bd6b5235,1d7a37e9,6ed2a9b6,5aaeb008,0fd11553,b4dcecb8,7c1c7401,bc392217,e8f887bf,4efc650b,74677737,1f253049,82339928
176,111b0f00,1cd89f3b,699c1272,6989c1b0,eae5f5b5,32bb8c1a,3eb875a4,a4359953,3b23a0d2,6eb89a55,164cc9a6,752face6,e3f8ea00,55fdea54,35b5ebb5,2eddaff0,943b175a,7d8efaa8,d560aad8,18219c81
177,fcab21a9,5341c033,d5aa9989,ace37d4f,79032d8d,909afeca,791c307f,2e6a5c3f,2348db54,4b3d241c,ab84ef6a,e86e5a88,58f07777,20082e3e,408cf54e,bea89f7f,27ded181,e70b3d17,52efa28a,74181028
178,19880ef1,666847a4,253b65ca,c16695a9,2d5cf8b3,5feaa21f,a85f719f,570240e1,e9edde77,b5feb2bc,2b4eff6c,66dec399,1c402594,4e080885,d94309df,e2627cba,0c2df89c,cbb41588,12913ea0,60eea991
179,4801f61a,bc27fc4f,00e5ecdf,448c21e4,6f3a9759,af065a81,3166979b,61ca536f,d5271382,9559bc6f,f800058b,8f31826b,06e7c748,388dffb7,60512ec4,f38ee79f,c1747e95,3da12fd8,12b726ca,bac651ce
180,71d89a6b,2760e132,371c5d81,0becc2c3,ab9018c5,b2922b96,6aa7a28f,15b0394b,bfa3f849,b7db0079,80c528cc,e9385a84,cd55c4a9,656c37e3,18c54bc6,97332307,c516fc1a,20feac68,8984f32f,df717610
181,350a7b04,97553437,d6f64742,a094dd71,e137154d,622966f0,4fd88847,4954def3,eb2a04f2,5bd10014,32933210,a62770ac,da653c52,7993dd8f,285e2eb3,236f72d5,b1451e3c,cdfdee20,d0573160,3c3db743
182,553c568d,85dbac5c,2e9d7696,3ad8e198,97dcead1,b9851fa5,632416ff,471bce96,33a50204,8461cc41,4747dba3,2f91e896,766bc931,8ef1c523,87e199bf,297f5d1e,b3fd5a54,460ed044,882ff52d,e87e668b
183,6cd04528,e882eeef,5566c733,be92a672,d273e079,60e0f820,e52fe828,41acba66,9776ea4f,700abc80,330ab6e0,46896159,eee85d71,8f365fac,384baf3a,fba0020e,6352432e,7ad3b801,4c4b3823,70db0ea5
184,b4f5933a,bd2f4773,96c72d53,4d6095a0,09f36092,3aa5929d,61f99e64,66403d3d,be488719,ee2f55de,dbff1a4a,6013bd18,6cc6c9f5,50453be7,33b8af2a,f7615a4f,26958fd1,dd6816aa,92958f2d,802f8b2c
185,39b42d39,03ea4a29,1ab64ddc,dc98b8a9,6f0646e7,a4742006,92d7b9a0,ae68ae4e,9e73d0af,c5e28ade,5db8ebeb,66647b0d,43f29e70,baabbd99,017185d6,6c3da45d,cb5ec0d2,4589a215,d879be24,8e9ec02d
186,6afcee03,c7674de7,1201a451,70e43267,59d728b7,9cc89109,c86121ee,7b2202c7,592eb977,1e4ec192,c29e39a8,d56551d9,443cc1e3,c5703636,025dcc72,b478429f,e93b1fa3,f840318e,4ba1d12e,4b33c18a
187,6c8ece33,c614b0b4,152fe2ff,bf77f6ea,a4dce81f,cd118eef,6970bbfe,8f38c35e,5df930b4,6ded04e5,eac8c5fa,fbaafd2f,0d198b04,3fdc6657,030b7dec,e3fbbaa2,976aecb0,0572df5c,a06bdbda,1a02f8f2
188,5f4b61fd,eecd9b3b,3cf828ac,e8ba8c5d,1010679e,35884fdd,8208229d,88e0bee4,d9f0e384,d821085f,e77fc699,83affa29,5a63c68c,1872701a,2e763542,aa860324,55212ecb,01cb5c76,c4aa0db3,72871db5
189,c1e44f7d,965cf8ac,bcfced0d,0c09bf50,c610a33d,c505264b,9a57f588,2e41e444,c9830d60,dd1113ed,66667f3b,56c43f8e,f5974549,059c4824,9a7807d1,bbfede51,53660e95,f239bbe0,6ad6329d,7ebe3388
190,45948be7,28d55ecf,688d3ee5,6a753462,6ebd4d4f,fde4685b,7e4f94a5,ed3b2667,639f2767,4dda4e1d,937c3852,0ea8342f,1b30c584,27b2042b,7aca938d,1c089b4a,604650d0,cd9682b8,e5678b67,e8908cbe
191,e4ac03a9,704305f1,01d3a09a,ad9c6185,a41fcd9e,7bfcb775,5db5fb6e,14b5f460,fe4636dd,c9497b5c,f44f29fe,ca9ccc36,5ebb4ecd,149fb70d,d8f3c41e,d20cfc44,a2f538c0,991724c1,fd1cea20,2e1b29d2
192,158af9fb,cca21ced,365d0e3f,dedf8fa7,d862a537,5a2b31ad,440b870d,e0d2faab,d200068e,598ab9f2,c4bda385,86e69c26,adb283e0,58ed7c1f,c855925f,4d0ad3d4,a2715f0f,c39108ca,4a61eeaf,e66ef795
193,685c0e7c,36a7f6c0,306ebc67,bea318be,666c94ea,bb27af2a,8924eb73,5a1f0b0a,244e14cb,23a931a5,20797be4,0c0d6576,fd9eaea4,ab73a6c7,bf548e11,4c9cc894,31dee446,36ab15fe,a0835746,571de262
194,9bde7dbc,6e18b0d8,f8c6fbc7,9bf21d5c,5f443df4,6c28d6f8,bf405d3e,d62b38d7,8da1c7d5,cb00a048,22d3bd4a,7d4121dc,d33405ef,7b87d26b,9ca4d6fe,357a9b7e,79d5613b,756c009a,b49a088e,03308f73
195,084b6469,ca3d2827,9bb4e384,81dc0cc8,f77f76d6,33ca51a3,3a8e9052,60e28ad2,56837a68,86a20bfd,63475ad1,13d0edbb,22754195,7d648f2e,b44167d9,8ad4c9bc,c7ec07ba,f8f25b8b,19ae95b5,dfd737b1
196,6cd03376,aa43cc17,efac8d8e,b6e90bc7,ce34811f,a90fd3e6,16f6b117,48301632,dd06fd4a,42ccf2d5,1e265dcf,0423aeff,68d14361,15ced003,fd9251d2,8091450a,5b258924,73f3a486,d165f770,80a69626
197,04ceb93a,23fb4d9d,97436956,504e61e3,dd1c8551,0f9f5645,122d7e88,2dffb256,576a6f48,c5a72c3d,9c1ea384,03bd2845,572aae54,ea9da4b4,e23e7e7d,243f75da,7d710983,0b267454,e41d31d8,7ab3fe2a
198,a9c0bc85,b065e475,336ac4a7,ff613e9c,b8b0289a,a73e8502,1bde3c76,6b32892c,54e034f6,7fd2a562,bde47449,eb9882c5,edb649b4,e70cb5cc,d3e637c0,059f2e24,d0c70158,111155fb,e04e0b2c,f7242f48
199,261c5146,b525bf79,6109c894,d597a1cb,7c224862,06cbeaad,ae67d013,4024c88d,5d2eacab,132a3e5c,9d0dc385,1db8a0c9,4351e57a,43e626aa,36647049,876a2b78,d6a5849d,99dd09d5,cc9ab17b,af6d4eeb
200,df5ebd7a,3e737ecd,82abadf5,c7b0d00d,b922ac1e,d99cda74,20de8746,ea2dff0a,1449c389,86102f73,d15f00c6,8c2b19ee,b0afa497,a485d7ea,c695b635,967e31b6,e087fff7,0613baab,30b3586a,81e14817
201,736939af,7c9c7831,b6e655a6,eeddac3e,8655be4f,43766911,de049d96,f6e3902b,d4e77e54,3fcf602e,816bcbe2,31d98ac1,333b12ca,aad456a6,68cf1a3c,1b7c3452,deb5febe,3e1e348d,143f3a07,4cac30f0
202,3e2c433b,a66f11be,122484a3,f5cb79ff,707f48cb,91aa268c,8f680f63,5ec1734b,0d1af3c6,722de39f,8168d62b,b295fb42,2a361370,7a9a2fe4,82a033ca,33794362,c3ead2b8,0330cecb,b76b891e,d606d6a9
203,356bc167,301de7b1,4e27610c,f10f0c55,62e69afe,ee9ce5b3,38de39ca,96ebf0b3,95677e71,94cc0009,14854166,b153a4f9,3951ac0e,e7e0bd01,6f5a7d54,b28be9f0,df801120,36ca5f93,ac3eee17,0ad7e749
204,7fd2995d,932130f6,5e75cd47,69dfec66,fd219ba5,deee4e29,0d2304ec,01ab1914,01e3fb28,7daded73,4ed7e9d3,b79f6f2d,a51fda20,b3ddc517,c06b0c06,881844b4,95e33cd7,c822015c,355926ce,5952e5ff
205,63d10459,842aff6b,bf359969,32fc9f36,a2630db0,8a8714e7,56d3089d,cadd0898,f58099e8,8a67c3d1,759737e8,297ad5fb,729afc51,4deb74dc,dd8e077e,19ef3933,63d44e40,252c3901,80f27eb8,e241a659
206,fefb0d12,b1c61eff,37fa9e6d,82580a47,6c376011,86bd3b67,1d6bc235,d077dfd8,d78e8dda,f68774d9,ecf2b5c1,3b991847,b17a6900,50333c8f,4470b289,2162096c,9f4c487a,796b9d44,a357286d,b315c723
207,c45cf46c,8d7c4c3c,051c1bcc,6b3ae4a9,b7144e3d,f8f33f5d,b193fe13,30461294,509536f4,5e4989dd,471bca02,72024312,f8fa5f78,0cfd75f0,28813ba1,38e87ccc,fbb079e9,35e0d42e,2936888b,04f2a340
208,02ec0a88,e57ca72b,1390a2ed,d2c8a94a,f6af67ff,22798003,f98554ec,813e33fc,9ce85cdf,71878425,67ec4d3a,0040936d,bbc5f66f,c4e93c88,0196e157,ce56e05d,45a36a0e,46338d88,6c9d4c08,b7e9dcbe
209,30b4785f,413b2ead,029a5c15,7166fcfb,0ccce3fa,8eeec4f5,cf9590d5,cfc7b7ec,ce2161ad,eb33a39f,4e883c65,4f969455,7e7e8399,932e19d1,268d53c1,a1430537,5df04fb6,5c6f33f5,190c8a5e,ebe15661
210,c513b4c4,d8d5ff40,64165a87,e21053e4,807d8ce4,25b703b0,9192f604,54aba872,4de4d19c,9eb45f0b,9a08a6e5,bf20e78a,b6e9af03,21ef8b56,21197a10,4894229e,d0345b5d,0a044533,03e08f91,7ca46143
211,ba01f6bd,3081b6ad,ba791123,3543d16f,3e4d7c70,d2a621d6,c54520ab,a13b2ec1,f2b9b2c6,8900d694,1e0a2637,9453e2d0,941dc639,a78fe117,f7ae7dd6,b9b9d384,a222ce7f,1454dd11,1565b32a,b6b48e3e
212,b44e39b4,d6679192,e61cedcd,84748b36,fc5863c1,fde289c5,dcc81afd,778398b6,6cfcb224,2f4fd6a8,5794a170,f5f9fe1b,5b7721ea,900127e0,742cf85f,48efdf94,15a15240,d9691860,d7fef7bb,27428ff2
213,292f43bf,656e9bc9,f6ebca69,7fbec7fa,57673f61,d51b4fa9,8bd64c58,835644bf,a2d2d9fc,e98e01fc,ee5dd946,7d03de04,1e4998a3,76a5ad06,3eae4552,56a37b78,e05636d0,e6426d82,63e0769a,d8533165
214,1287c9be,7940ebbc,0ca294ac,de71698c,4d944416,fbbcb2d4,a80fb850,a8af9306,8207ca8c,72db00ef,0e0572d2,82e6cc72,3bbddfbd,d29aa48d,a5ca1994,69dde31a,1256b091,8b92175d,63848f0a,c9137ea1
215,91dac311,2acc1ea2,8e648ad0,ceee98d0,ad6e090f,ae69eef8,38ca2157,4858a1f7,f8e0c8c5,02e0e524,273feac3,85b63de6,1bdbc3a7,01259d99,f850012d,f1a0b1a8,5e0a30f7,d6964c90,78eeeb80,e27d7520
216,20d71289,e01d97f8,c43d22d6,d6d9a24c,da76e9f6,02b24556,76d50815,bb7d7481,a920f968,3892132e,51cabf8f,68cbc598,ea39147d,72e96eb2,dddaaa36,d365f95d,c2e450e9,4f756964,cc801427,cfd2819c
217,c7c8c7db,61207823,4c885633,38ba5d73,baa2c46e,1c59c7dd,9a60f2a4,15af2ec9,35a9fa6f,be2a5d94,58c4e576,08076a3d,d2947bdd,156837f5,01039b2d,c130cf8b,a690c348,47bf225c,c2eda2e2,1ce47ada
218,516b2118,43830cab,2202dc90,2422e102,d1fd1ce9,2bbc73a4,cc38a4bd,2e609739,3110de0e,2509717b,dd7bd3b4,1d906eb9,6d8843e0,59551c37,a3d9b350,335a35c1,d9d5b75a,e5c4ca9a,e4819192,c3ffcecc
219,2779c882,a966202e,581d59ff,cf216d75,c05e0bd3,5be24f51,7f7bf430,c80f3f75,4a314de1,326a77f1,61c25bf5,7e3d2ae6,c6dd3760,772662c2,d6b0699c,a1cb1f0c,75da55ea,6de9b408,be31a733,b81de222
220,c4a1490b,611a6520,ea9ea625,cb3a7f08,7fbad2f5,d1f66e6b,fd3d84f6,9af54605,60de1619,6e679800,00cc15ff,62e67647,2f39526a,f03bdfec,0ef72a72,7ec742fd,8c968cfe,e0c72d46,18804e89,a317d13f
221,049511b1,da9bd3dc,42ad3ba7,cdf9499f,b32772be,7ecc0a0a,761a15e1,605ff67a,9fcb30f4,fec90d59,61d891ea,081f76da,34686178,851ab8b7,e6482cd6,dd7f26a6,99aeaf52,82712ac0,77268451,873a96cb
222,bb7b24fd,5393a7a7,c089cf23,ce27404e,51b4e84f,eae501c7,8dce2836,dca60942,e99a70e8,15c57d66,3b81f59d,8de570d1,2d78d436,96c601a1,f0692612,599949f0,54903d88,ea288e49,84767a1d,1374e2a9
223,f6e55601,86828989,3c43af05,3d129be7,7b309e6b,eca7e2ce,b8735452,56a56389,a41a7297,dd47a7f0,1022cc8c,f119bb30,8099befd,9c6a3210,f6ac7461,61bd9a60,8f0c1a65,38a114aa,68228945,00d4a4a9
224,69683d54,9dcc6a80,8fd00a10,ca086acb,6ff9f865,3ec6debe,7315aea7,39de19a5,b6aac405,9895a0c6,e3741d2f,f5c70e87,8eb079b8,d7c616df,6c5c94a7,f7d20d4d,7d4e0f36,19edffa1,6b61717a,fce8ad55
225,5a7fe200,a8518cf7,3631abb3,851156c2,3f0998f6,e6b5509a,7531011d,07a3dcab,0fe333c8,cddcfa0c,d52e4fbe,090190ca,226160a2,2e229648,883fa4a5,0d57f06b,136080ee,270455d1,841b4b53,6e1d3ca0
226,3768b4a4,32cbe83d,c4a8a3b3,267133e6,415d51d7,60adc5ed,8fb78315,1b6d61f8,4aa6fdfa,e99b1b84,6e262dae,5ada4812,c6e54d7c,1e28c0fe,4428b05c,c175dd44,9b4a4af4,998ff38f,b769cfbb,8e75854e
227,334cd0dc,9d18e7c8,8798e7a9,33b00324,ea593f2a,a8f4496b,897e72c9,8bbd55e9,788d10ea,5772176a,9b9ff1af,6639cd0d,b698d276,c339a150,331fca00,e67231fa,55fc3f5b,508bbfc2,1241a849,d7de7e1c
228,4651f7ff,47460c22,8b88af7e,67187b30,a9bae306,871ec310,dec7c34d,4a90a49d,94b0fba9,73492cf1,251f0818,9007dc48,3a2e1cd5,32f48832,ba79d2c6,e5544df2,e108618e,3b0390d9,5be6126c,b6f94080
229,88efe264,3bb92e3a,cc03a68c,66e0665d,494ea050,a2356303,32fb95d8,e8a9c485,2f77454b,8c60e1c5,f6ab6248,8b9d53b1,1d6aa580,c565e9e4,943c6306,4d4696f6,f5adec51,01601ab3,e7a17608,abb1dc7f
230,3b40b896,fc10f3d0,7e251351,95248e7f,43b3ad67,88ff07a9,be9bb07b,efd9d896,ca641ed8,6d5d3166,e017c30c,27bac579,acb68939,f74bc860,a2fcab7d,05e954bc,65888b1c,31306991,7ef6fe51,9d73565e
231,65f07398,d71c515d,b63ef7d5,278695bd,a2bad3e9,e486a371,cb37bbc9,eff78c8f,d0440c1d,8b291719,a4c1e6d7,aa959c17,9e796551,55159022,309c5e7d,323e96fe,ef64d493,bc7610da,ad7ac17c,35f33893
232,d05286fc,855e2b81,1826edbc,f4aca8e3,a6017484,99804492,7b0fcc7c,88134259,5dce06c1,7a476b0f,32881a71,3781b12b,20f71f20,b6139ebb,b3d8b610,0e3a5cc5,5bbb1208,adc557ed,bcec91f7,0f6e6acd
233,b7e5d31b,42e6eb6a,54f3f4f0,7fe334f0,18c4a26c,2cdf514a,cd81cc09,5c703836,3e6144f3,590b8637,411d6997,33b27cd4,7d946f8d,262f4b4e,776c64bc,24910f0c,93fa1f4f,c7db453a,6b9365a3,0028bcbd
234,da86d5ac,860bee55,b58b64cf,8d0ddec9,d5003be2,398f0204,4a214b82,c3550588,7cb4e320,73e54a93,4b8420d3,fcee6067,f87b2839,11125aca,c4821935,dd92c0f9,f7d34224,352630ee,505e6692,090dc86c
235,8261fa56,5be1642a,aa7bc0b2,f3b0d525,d53757ec,767c0925,acbee3ae,59d1caa6,5cda63b5,346d8758,f47e008c,29c8680b,7cbf1850,18dd2aa9,d7ace8ec,6885adda,4634fda1,8cfae520,37a5f8fc,b0668944
236,138f8603,b2fcb09f,32015ec8,09f39a55,6d2c50ae,a1253001,7801d32f,800d65a5,dea0ae8f,9121a435,19d69b3d,df059460,f217c5c9,92536889,dd1538aa,709f05ff,62dc9695,276e425b,7cffb149,51f61040
237,4e0b9e74,f78512ea,e8ff2815,c2cdfbf9,77f400a7,27d322ea,ab314d34,3582884f,c7bd229a,8acab6c7,538a1bda,3f4a7594,b126bf85,9ded098f,e378d019,3131855a,189d0ef7,6264e0a5,56420904,031be1ba
238,b1b9c41c,bb11e94f,7db4cc53,d79564aa,081d8bb9,9f679eff,6055e5c0,d4f5dcc2,84e5b6cb,06e7228c,c3471845,a0fd79e1,0c81c5d5,67a12db9,98d6c5ae,53c8b51a,c0919804,cca4d3be,e5d44e7b,31a0d24d
239,5cad95ee,9cc2285e,db634343,d32bee8c,15f7811a,01bee78e,b5f2d09d,18909631,6ff80c97,bef58fda,173a929b,ffadd93f,4f3fe498,8b5f91c8,9643ad7c,23151232,cdadbf7f,8c41ae81,c06d38a3,ab906ed8
240,2b61d539,a149df29,70c173b9,3a5afd4d,4a1f7622,f7c744e0,2b9be4c5,4d0b2871,1c1af71e,84bd654d,f3b55894,32e9bade,3f0e3154,38162988,b6c3f49b,9915d49e,9abfec20,1b8651ab,36404c2a,51e8da38
241,2b3d8a99,ab197a19,a743dbc2,8414fba3,b681a1db,3b225996,5bdb5327,bd4756b5,2756e873,5d537262,d052db96,c6d68ad2,783d5832,92c52e67,685d043b,3d9a80ba,41960fb3,ae6e0d0d,0fabf639,fae0811c
242,581dfb6e,c644d06b,e946b77a,c2fc8e13,85e935a7,5c447f12,ecbf962b,870c0f94,ec299027,d8ed2283,4f421f51,a5d31e50,d8f99a02,1fadcd2d,a52afd9c,2d8ecd3e,c7304d48,bb3353e0,c4607b6e,94179b22
243,a5cbacb1,f522f691,c6aebf01,4eeb2379,1e0a6a74,6f4a4ab2,ef6ce0f0,be1d5763,0f768d5b,c2192983,a332e76a,868f7f33,aab0f38f,a228a750,1d452df7,55950891,b238dd91,4f20f9c5,7436dce9,194dc02e
244,ad31b52c,3f7fcf56,e8b9067b,f071e7c8,83d9a3e3,63b38f5f,674601a2,16539ce5,f2a2209e,ff8612bc,f6265866,b0f7b72a,f0d97667,ba8d3112,46163654,136fff46,da54c040,94e8fcc6,ea73e62d,24796f41
245,e62b8fda,7aaf9cc5,62c8caf5,018fa846,559ec7cc,4b29a78c,7d3bd314,9753a3ba,43fcafe7,a0b12e75,61a90432,2ed0cbef,43024648,74208c93,e62fca31,4a715049,33c12d5a,3f097329,68573ad1,f3e9aede
246,bd2ed943,f5bacc5b,0766a512,5edeaa17,de400d0c,f2d0c5a2,2363784c,a5714d9c,23756203,1dfdc554,015060f9,b3f494c4,3b4af327,745c358c,07b27d88,a57f4776,2fbb47ee,02b587b1,9c7ecbb5,a4c42c36
247,71b57bd5,e27a00c0,0a088021,308d343d,74565ab8,66f2da3d,0cf1a361,97e71dbe,0bafce4a,60969445,c0bf58e8,faa7d11b,576b15fa,a3eb7855,948a923d,8af90009,5150dcb4,aedd93ca,392f2646,cd54e6d7
248,e0fb725e,3e0595ac,f0c6bfa6,90f2ad82,7dc6abba,5dda32b5,ff2ed6c0,00e4771a,7ba35a0b,50a4f203,ade28185,878a7155,bcbddcbb,0ef82885,a1f1dacd,352ed2c4,3c394ce0,8793eba0,5b2c1eb7,05872efc
249,3ae55d89,5bd43212,5cf83243,1bd0d857,77bdc120,bbae7230,fcce6bf4,113de2c4,bc181a56,f38d8871,8ae9c7b9,67a6167d,b4c974ff,cf23618e,31431090,88c86f67,76910f1a,6ff7e6ff,20000bec,f993d45d
250,7910d731,89f67921,9d45bcf4,8aa34600,1248fbb4,50ee5e9a,0bff32d4,62ad4be6,ee6c9997,0263d59c,16fbd31f,cd20d2dc,1be4e008,977b0b01,7772413b,2f4b4fc8,9b77d207,3789201f,9c641d5f,d8066319
251,49795f5f,e2d748bc,cd6ea6e8,889d7ea6,592ca604,0f456978,798e0824,2ac6ee8c,54c9b296,bb918a93,83775761,00fea568,e7729dcb,874cb688,dab7f2e6,70f0cd0a,8faeab7a,da7dd12a,7cfb1e37,f1e6c574
252,3231121b,673439f7,9bf135fc,7bf4398b,308e91be,747e01e2,d4aeacf6,d9fce9d6,8a757f1f,954f7cbe,a17846f9,03d5bbb9,8c5e45dc,3c469b30,5436961a,00a2716b,a8c7b2cd,29ebd35d,a4ae765b,f44f037e
253,9ae803f6,3024a487,712ce26e,87b4a110,5fb17d55,bc99fc5d,12d148be,93a7ebb0,94146fcc,cf28e2ac,e815a692,8d115176,73874a61,b56a8995,c3823a60,ce410aaf,51840df0,e333c06e,f1d6d7bf,34dc0982
254,35a8fb96,3d4ad88c,cdf1ffcf,51666618,3c80eab8,f21938b4,04d0c0ab,a431f191,71743263,f1ef04be,60d03e6d,3bc5ae6c,8260c57c,bd5ed4fa,45298855,7cc79a7e,7d4c0088,93817873,6461bd81,58309c26
255,983f6825,03dcb665,8ff93561,2f75a1af,5277a785,9d9ec4a2,3ce581c3,d5d76e18,9ba32e41,f0cf00eb,8cb95b32,183a6779,9f123fc2,248b8727,cf9d07a0,31fa5bc5,29b54a1a,0983e62a,3be9006d,816d0384
256,b677dd3f,17219cc4,5aba56be,95ca54e9,12fef079,2ea9f8a5,1cc871a0,402b634a,c058c4d4,0f5597af,251e255a,3a4ca87e,d2bd6e1c,14d7d52a,22cbd1e9,997869c8,ea5951e1,e32bb9fb,cf8c0985,f7718e41
257,edafb331,e8e518ed,bc1bb729,89bc4fde,2b560db0,a827ea3d,669be8ac,8f41135f,ef310e14,8e13dc44,16ba3c9f,7d9cf7fb,22d2ea35,5abbaacc,0927af70,98ed2bba,ee815619,d58a167e,1ce8fcba,df4404e4
258,66655d07,355d8434,0e0eecc2,42b7fc3d,5a285a49,07984127,e623a724,464c50da,f0592dce,e4347ca6,42639289,aa68424e,7659e988,e9b17189,f339265c,8fb5efb2,928bbb7d,05a29d55,dd411dec,74d722bf
259,53b33417,519ab2b6,9389973e,aeedf2c8,e68bd525,7c0a1da4,fd0c8fad,0c46615f,50a89357,287a52fa,ef67d87d,1f75faf9,0f5e9bb0,42c3873a,017cb159,40b8ec25,3fe7adb6,3e3435fc,febda081,09ad4c21
260,753b885a,87739e3c,8a225b32,ba334436,8bff70f6,d9737828,e213004c,5221e1f5,2d3d6ae5,7bbcce5b,cd8be689,b462591c,8cea762b,a8a9cd93,254e3d32,7d3d4e83,82659ee3,73312452,f390beb3,8142c30c
261,a444cdc4,cc525210,5d506e26,e7d0af73,1ad501a4,a3484c83,49497490,ca326314,696f7adb,4f7a2224,949733d0,b309537e,bc2bc17a,a2c24046,80fbf988,eceac777,910010f2,c3b4248e,20a96e1e,6a310182
262,a782cd10,676f3f76,4831e61e,3e80bd65,b7c98d98,88b7ab3b,73eb0e4c,c845cc74,2747bb17,259b1a51,21d43ee6,909e3ed8,9fe6c959,d158bd31,fde8df90,5829ea52,88990028,df053553,03d325b0,1403d30d
263,c349aa3f,af7e6797,f8826c14,0688ec2e,19f75e69,b8dd7a6c,784adcf1,a97fc1c6,474cc089,5735fe5a,456a53e2,9ef5e300,29bb4e3a,73bca4dd,ab7b6c0d,fdeba340,bb21c89c,12a8931b,1b28dc52,76cf2066
264,51f65678,80dc88d0,bb93d57b,e566aed6,97cb009d,f4332695,b6f7ee80,d87e614c,40a12284,61c95570,617fe078,99545f3d,d4db9ce6,325680a8,0ad99b3b,6a286d12,d0890136,5f858211,54867fec,82f0f2f5
265,79bbd6af,daf9785d,ba851a07,2bf18f55,9cc48363,a245f11e,c9a884eb,58dcf00a,88ef5c65,98e26025,77d3a571,3f115d78,0b9caad1,3747ba64,1a047658,673e8ad9,1dae83c0,fab4428a,185b851f,026057a9
266,64ded33a,ab3074a5,1552fec5,91a7c3f7,92010021,1832401d,9ce421a6,23b6d33e,24a4cc82,6c63f8ff,d59cc0ed,6a20f036,db710552,bd41d239,8621728e,afcd1dbb,41053f9f,7170ea21,a6ffe319,cf18ae1e
267,908dce5e,9077f725,58c4f295,32e070f4,1aa8ef08,9db911ee,116d0c9d,785c7cfd,6f83f300,923ad883,a98a6e9f,c30bed0b,29ee4667,656f4727,f8e44d22,28b89a63,e284534c,d8c957c2,60de98dd,ddb78b41
268,c413e251,263f53e9,b1e57a67,99782bc3,4c1c2a9e,9fe30401,5416407c,39b94da8,248014be,73e96b26,f10e5dd0,b9355d87,80869ffc,c7c4d3d5,5a4039d0,3b0bae93,a2b5fef6,d7a4ae7c,258bbe6d,b52f8282
269,6902ad01,5b79ff31,ce53d5f7,ad88b13c,308c6493,bf6b9249,50b965b7,f9095690,d1f546c6,7f3a67a9,93149e0a,c5efa7e5,38c089c8,c3b36246,781d1ff0,0651470e,9eccdf21,2ce0ff1c,67fba47e,d97f69ae
270,f10f2095,d8f9aa41,c3ef1319,69a6a05d,d1284892,6053e162,87212014,63b93fb5,2d378c0d,48f9e713,590c6103,2357f67c,668ed2d7,181b56e9,056e99bd,552ddc5d,e415eaaf,e67cd364,ce29a173,2469eff1
271,35651406,32b26264,7e11c67c,408d1cb4,1fe62615,21fbe22e,04c00ed5,8e6fa334,138fb543,47d2e074,53dc3187,0d23882f,64a16cff,1ed3609e,d2c16949,86105dc5,6aa3060d,74642867,f17a4f59,3afa5754
272,aab6d091,337ec640,37160565,82008192,bc6d5e90,1df5c8a8,59c6be6b,e8644d1b,8a021500,5bbfa4ed,4a9fc8a2,8c1a2b2e,71421582,4220b2f3,68fd9c4d,b8e0e3fd,acff8243,db86cc33,2d638a77,2da50744
273,0665bff0,77fe37e9,37ab2abe,dc4974f0,57f45e86,6b5ef9e6,1eeb7839,c2671d42,ef49f13c,d86caa46,4dd07dde,6c851ad6,813312ff,8b47bfdb,d4f385ef,04c2ceac,61eccdeb,48df9bc6,0771a89c,38efbcc7
274,d93bdb99,43082f77,2458880f,f42e55d1,3a9a34e6,7ef5ff06,1ec997cd,2a3030eb,277695f5,2f33a300,9dcf8dcd,f003b1cc,945eadc0,4e68469c,0731b3c4,a5e22007,1e95fc39,0e285f51,d166a3c9,89e52d64
275,4c30bff0,379907eb,c71392f9,6d1c83ca,1bab0ef8,7883c104,27c2a6f3,6e2019a0,4e7dfb72,a5392888,a81dd8bc,ea9127f3,e41f7371,f307a0e7,e38d9ae8,cd94edd0,cfe7fa33,4db82c87,0546bf8f,5b7be812
276,9213347c,8774308e,77377dd4,22474a66,8283c0cf,6ea61688,4fd7477d,f9f9c9c6,6ebdd8e2,e2ccfc42,d03fa174,c46ad2bc,77895f35,07f772a1,cf43f4ba,43fbb92d,ee2b5fcc,51f431e1,fce64ae8,9b13b2b4
277,69a80ec3,8182bc04,f73b8d68,499b482c,21ecd9f3,d43aaeba,a51b2522,5aeb9b73,b63b10d3,9c317303,3d3fd25b,6fcca369,c0ab6d29,62eb0e94,719df82c,f3cfaf7e,57a4c194,cadcff25,8531a70f,f0b98fa4
278,4d5ca1d9,3ab657bf,fb1502eb,bcdf8e0f,9a82042c,757fb78c,cef05248,80cc3fa3,caf2f812,9769408f,164c5c54,91373f0f,3867d095,728a382a,5cabdd9c,2ee623d4,85d3c8a1,739e1311,146eb3ef,4c9747e5
279,6e6cf14c,fd1b0c10,c36586d8,400f4e54,935b1964,cac16850,2c3f7f1a,83bf4c6e,663534ab,07d43f53,1f17aa74,f114a175,4243d408,b7d33729,26fbdac0,3d7f6d65,dfb9ac45,0dbb3306,432b2489,ad1971f0
280,355b11cc,7bdd834f,12e9f3f7,c59f71c3,f3cc24e1,d5b95e43,3932270f,c773122c,9725fc77,368a00fb,d1622ad4,4d10924d,10ed46ca,87d03a91,c57d6d9f,1515f2d3,1bbe9dde,f6a088f0,ca6054a5,54527036
281,2ba024ef,b918727f,4c1ff6f2,9b91d5b2,8b64aaa3,d65534e7,d1eb270c,f15fb17d,c4c74e74,9dea41c6,2c52e0cb,9b30676b,b1e2f90a,14ec23f8,5cf2d6d0,ae2c0e2d,306ece90,9dcb29af,655372da,71e24810
282,65cad790,d6899714,faf286bf,4753a746,f12e41f7,5e8ad714,136f96b6,9676d2ee,e42442b7,81ce1bdb,f536d357,7b3a1c9f,9975c26e,c83d49a4,2b841391,ca7e94ec,a178ff5a,4cca5761,833e7044,e3cca595
283,d40e4f60,772164ba,9089dd07,eeb4212a,0f132dfb,d74f6052,4991d8c9,014b3741,3fe8f8ac,15ddbfb4,72e5efe4,e87e016e,6e708ea7,7c17e553,52704009,4b0d2db7,60819ddb,4f35426c,79eedabd,468e1407
284,24f70698,585fbb47,23eb6669,b9d65e13,1885080f,d9f73aea,23584cb0,2673b976,9a380c15,23bae74f,2bf129db,b4fa420f,bedbc4a3,fc9fdb25,456163e3,02299d87,4d263cc0,42c2881e,309e15f0,9be89220
285,36b53552,8037f4bb,0423ac1c,871106d5,ec180e3c,74dfea23,7c1c6680,5739659a,c7358efb,5d9aa36f,7914a711,a902d57e,226ffcd2,db9de8f1,ff5bba79,0940e59c,1c000e26,43f182b0,70a3c07f,c858620d
286,779f7c48,63656276,1cbbf2ec,6d208853,d7c0c376,28840906,728b3fb7,d3f83165,443ed919,fa85cc64,5c59754e,6e3502fc,52fb58b1,a290555b,543336a7,457ed989,9a1ee4ba,d25ad0dd,87f5544e,2cb5c738
287,0cf5e5b3,2036e0ff,ece15e76,7859c793,c63d8c86,f73a5b6f,c1eb94cb,f00e0205,60d1f888,c7a9f439,9424e222,99431342,4843fb2b,df9e1425,0506eabc,e6ff49c6,da8b21ae,63ccc024,bf365535,02c0d8ee
288,d3747538,dd6ba09e,71c76427,c7d987db,47e13776,0d8ef396,9b426b1d,7b044f05,7d86a28e,d98cafd8,4e37e3b5,253a6efc,d354afb3,3aa71906,91aebbef,f98bea20,44dc8616,bf3375c2,d97fdcd3,6934c972
289,79a4368e,f243830c,5f23566d,d1edc929,66dab113,5659e410,bf37ffff,0985a484,81358972,3e535495,2429f76c,4700e0b4,9d785b6a,2271630c,930a7c6c,fb48761d,0d3e3e56,79d4b836,119f8854,64506976
290,7b52bc6e,25faf54d,2258ef8e,77b32fec,f3a48b64,666722d6,d0330624,d7ee4e5c,5bcf5997,e8ae7940,0b006215,7022a17c,f992380f,e2b06ba7,5c958cb4,677d2c7c,da1a2a3e,5923b741,54364c94,fea785cd
291,51f3046a,e16cf5ca,5ee044fc,42b47378,5cc420fd,e328ee1a,365e5ddf,86fcabab,ffbab6b4,7e55a256,32739e9d,192c439e,94eb298d,9b065b96,3a9b44e1,383d5348,54e7a776,2856de88,631c86b2,95ad2149
292,8b0a3a85,c38ce919,4222a519,0edb6574,a6932640,1e1c4d6d,64d22a06,aa944be3,723e1c57,bd061f44,95243ad3,a258e5c2,54eaeaa8,71ec8e42,b1e30852,6cc29644,1d2e8608,24816945,88384112,277fcd18
293,f364f7f2,3b46f8ca,6458639b,80b9206c,d0112551,67fdbbce,1223bfcf,d58320bb,774523c2,8d2a8168,888323fd,e478cf7e,e388688c,52d0da49,6b19ccc5,037c7787,e947b07c,a4159bb0,fa503a9e,61569131
294,cd92bc26,e2525c94,989d6bfd,be3da172,0f87cf3b,9aefb7f4,0cea8dbd,a86fe186,8856049a,7adbb6c1,41d0ab73,10a4d5d5,973b5c1d,bf4c11e8,a7f82f6f,1c008eeb,1d1438ee,b4e4d6a5,11cf7642,594f2c03
295,23f61d0c,62f87d6a,64ebfa1a,7e895b63,6cf8bf92,b202dbbf,86678bbf,b0b2ac20,0ad70483,728e092f,9510b74a,e60e7f68,6248f3eb,32c5a181,02869b47,6ab4d6c3,f86957ad,3c066309,06c81a1b,4ceb3c77
296,dee848f2,7290fd45,bcd68c11,9c2b1b2e,09230f93,91c80705,54bc9635,9e3c4a02,56f5f322,797ed4ca,9d6a90d2,42a98cb1,cff681af,99992dcb,08eee7e8,39b86f87,e387ee8f,ccc3bdc9,ead08c1c,8a065e61
297,c56e6cb5,a181db83,6d0886aa,b87a89ce,2d1e896c,a7dc4065,710602b1,7513918a,0b60fcde,4dec55b5,50f47a6c,4b7b689d,f1871452,6634c4cd,bc5e70f2,d05e6712,87979fff,290caeda,2f28e43e,086619a6
298,c5df86fc,69d2ea99,000d0ddb,cf54bad0,7b550c8a,90b6ca9a,321f2d51,39aa79d4,ce97283b,7f58cf6c,e2a1c5f5,2438431c,e358f774,91e16f40,836a3aa4,04571d29,e2b455f3,052522ca,220660c9,283d371b
299,1dd99812,1d5d1931,86b172bb,e983592b,a40bc2fb,fb352250,e8f073e7,41a7b2e6,c31b95d8,7e0a9fd5,4ee74eb5,9a679938,1715565e,1fc7ba0c,547b6fd6,da93e1ff,f7c4262d,ec7bf81c,b4f359af,a26c6ac8
300,4ff8164c,a225e67d,0d9bcc32,ea93313b,50fa177d,e20ba4bf,472219b7,b215e0db,6d1d3d91,52629c01,e72ecb39,c01dd2f4,292ef413,134d4703,980a8d1d,3f3845e6,89b8fcef,b30875cd,f1533859,1f72028c
301,1948ef10,7a58752b,50c13911,6d298943,abe97eec,d7bd423c,26587919,a54cc139,f929a8ee,64cb46e4,bfd2b4bc,29db180d,719607c2,ca1e3af0,eeb6a44f,243d0c53,72686ad8,08ca19b5,24248023,f617695d
302,3aee4376,838b8d89,195f6d6a,3ab37795,ae352d37,957f6e60,357d5f45,ace729ee,f0ebfc13,90572cce,263754c6,ec12e6c7,a623c482,529ba213,4057a430,6b0b2bc1,d2c589b8,5d37c824,f9919045,70d2d542
303,b2e27c3d,24503204,3736e1eb,4d68751e,bf135c3f,7ecdeb02,f5a79f77,3c3a51d1,bf108bb6,f7e58fc1,cbdc29d5,a5d20942,5e72007e,894db9d5,46b44415,85cfdc4f,c798968c,d4710140,aa979b8f,761a3964
304,ada8ea94,42e2722e,dfafb6c2,0398d58f,252726ea,2736b485,08837f90,73120dd3,e83d3776,895de54c,2347586d,de2718c9,b9b76a1b,440b09ca,e177e809,a7281e19,a36e4478,cc58fe5b,930de71b,0dd1d69b
305,6c6f6853,bc2386da,7045c2c1,81ed6ff5,21d9ee4a,8e2f0f29,da75a185,2129ada0,0992bbe7,4ac21379,2083ff14,bc6df818,c8dd7b4f,0462de71,fa9e5ad4,0874cd7f,8ccfcc0a,4e51a12e,af3638a4,393d6402
306,2d0218d0,f2bd1e29,b93b99ee,2c2d0b43,a4abae06,d5228869,eb2db13e,ddd49547,e4bc7499,c5cbd7cf,3e3020a1,be41066d,86e03a82,eb62d49f,69922a68,f57b45c0,1a141158,953e0328,26b242e6,322b5c2d
307,1c883f1e,65343388,556c9845,ce2460a9,e8b32ba0,2d776bdc,3fd1c0f6,d8d70e3a,dfe3df3c,5cd25170,838bf37d,efd7d94f,c87633f5,3effda22,9577b667,d79b54b8,6822ec8c,152f3bf2,a5ecdbd6,e9f2b5bd
308,4ac14590,d163e8ec,01b0a394,9405f978,115edb3d,c0c4aa63,d58688cc,86c3f3c9,a1143f7c,10dcef17,765fd27a,cf0cb114,54f9b9a1,ec0c924b,34a3686a,d0588891,4c24120b,346f89b2,b1517b87,83d54d8d
309,d5c7a452,60c4eedb,d151acb2,762e248e,697abd54,5f5e3538,1f3db571,8b092b3f,18864b5f,f303e430,fdd96e50,e7cece05,44f06be5,782fe89c,92c59249,58225e5d,8a1d22af,f3a3e43b,39a2836f,962b0e20
310,248df8cd,7908277d,c76c5a97,2695bd7f,e620531a,80e1fccc,fa97b433,95106a19,1bf7a8d2,e7b4d6a0,df9ab350,dd96248b,3c027180,407f0b45,8fa8bd1e,e23bd351,8f379f66,9f0bc5e7,31e712ea,41af0996
311,fc621ddb,bd950994,93e5f318,5a9bc281,64958b5b,4dce1f96,9778060f,6b5b7002,b8d0d237,2a03dbe9,e5942aef,bc5bc40f,4f3307f9,ae35854d,97bb3c59,8095551a,3b956351,174dcf7f,dc2068e7,f9d86a17
312,522667cf,a79508cb,ff68caa8,3a1b9e8b,cd12cf6c,e2040d27,002001de,625fb916,10abb705,08149b18,f2875865,3d491a46,c4085136,d11aa076,9543f9ed,233f5bf9,3d4e397b,b6ab80f8,f03f14d5,750ba0e7
313,17bd964f,af6f4414,5ce3cdd1,1d5943c4,7548e737,24f8ce8f,509790d0,0e9c5910,f13cec61,4cd20fbf,a046c3b8,3ac04925,c29aa0aa,25804faa,490e8b57,b998fa06,b1b0138f,b3613e5e,2347a6f9,ecf9cf1e
314,7ea4c5e3,a5611944,c09b542d,15a6182e,58900a84,8e99ec40,de9d90b0,18f386a1,b5f81b36,751ae0e7,a62127d7,30c9dc03,b901542b,4114825b,ad6b932e,b5556282,a2122c9d,41c34c12,48cb5c92,2987ada7
315,f5609269,0ea0d90f,fe7db526,61fa252e,aa1fbdb2,d7c6d114,ded2f58d,87148ed9,6e5dd913,47bf1e37,0bcdab8d,7ab137e6,564aae3a,877ce07e,a1979c21,db2ca81d,4fa9da43,c14150fe,e9250c88,ac4d8756
316,6e1077d3,4e91538f,906e7e35,3f4996c8,d2437652,6f4acaaf,4025d0a4,399eef6e,d1c087dc,bc8537f2,30c889a4,ac885ac5,adf15764,3e81af12,673c3b92,84572635,6ccdc2eb,70c892a2,2660cbf7,03eb178a
317,b7d08c98,c4be3e5a,3a30656c,b441ff01,29e79b28,1dbb801a,252f523d,3367808c,12faebc0,b10781e5,cae1d747,cf48dae7,bae86db6,0e8ff0d8,6089784f,eec3d2d1,cb8e0464,e57fe041,1788f72a,f1670fc4
318,e6f70234,ac781615,8a1aff86,7e49760e,143d67ae,0bbe5c85,ebaab48b,1ac8d6cd,ad9822f5,98aec424,8ccc899a,2d3eebe3,2b0f77b4,ff123b32,4349849e,12bb1fd8,a1af2a90,e505ed75,4ce03c36,c9f7fe12
319,21c11e44,079a2ff8,34ace5f1,0362ee25,75bdc8cd,e0c4a7be,66ba5efd,3dcb8d06,2204fcf0,40ad3059,566e2cf1,86272d3c,d91993b3,0a83aa44,f8875e18,a2a0fa23,c51779a7,a00c19c4,88f56291,bce187b8
320,8d5fd87d,31a3cd2f,c4e6c244,75eb6bd4,34e3e258,57ac216f,016add1d,5c70cf05,0bcc6390,bfda270a,391d3e5b,9c57307b,e22a8c2c,94c46a4f,5bc7b708,c8a89902,4eb5dd88,2ec917e5,b219a78c,2d32a3d4
321,20b20a8d,f38a60f1,04c152b6,fb5ab030,48bca954,aa4cf024,b2dc7d4b,bd9783fd,087559ee,d103feb3,714cd6e8,8fa9ca5f,1a2868d5,009bd0ce,3a3c5f74,a38135fc,53eb5de6,2fe5e775,e0f10b29,10889773
322,b4679a78,a5292539,6a27c22a,59f8a988,04a0c728,4e912b45,d920bd30,7f804427,ab7b3980,41c7d860,7cbcc44a,c0adf44e,33610e6b,27b560a1,2895fb93,fe701930,47832818,8b83be0b,874cb3ae,073aebf8
323,234db7ad,f35f9898,7f1243fd,e8666145,3cac092d,9a6f8f27,1173bec8,41caa01d,2963be5d,22ced325,74ad1c57,c0b7e489,d8889e05,27071aec,31dc27c2,9d87c1f4,8d128a56,9497136f,ccfa8474,e2f69afa
324,03ea843e,695d08cd,c160c840,9f181160,95a282b2,532e150c,e4bbbb27,eac9b596,db2af055,95015725,52dc9e99,e83394d5,178d31b4,77546e1c,92259070,2b2a4253,7f60aa28,cebfeb5f,c9b9336d,41b9830b
325,1fb3e0ec,290304b3,8a91b9d3,e36f6011,6757aa7e,35eab5b5,301a69e3,e962b306,e4260ec1,723c99fc,ad55cebc,c6e297e3,929965b9,15ceb4d1,a64dc413,32c804ea,7c9238ff,092a5713,209e2e72,e7d9b0e0
326,e4c557af,9e018c3b,ee300829,30b89608,4ebc242f,159dca2f,3d042ea4,c98811fc,751c550b,cc745c46,5e219fe7,33d89668,df0731e1,277d5bd1,d46b4928,71a3d48b,4aa11791,6f0b5bb8,629df78d,eadadbfa
327,cbe4bcab,c1ecc083,c5cab7fe,41381746,e1ef11e1,8ac1acf5,a4d4c85d,8e918435,8ec86fec,4681135d,114ebd4e,00a8adc8,d13b0d76,ffe79423,cbdb601a,3abdef62,b1463510,c1acf035,45015c6c,9f930c65
328,94da1605,3a92a91a,4f60cc41,9a0883c9,de0472af,ffec027a,f4273227,eba67dc9,11f7d234,b03358e7,d89f2cce,eda3334e,9ed72dad,6ce8c5b2,9b806b43,f3e63bb1,08deb151,af9baede,573de9fe,2ae8e2c2
329,ca552840,58731f95,b0641a23,b3b6c572,ae1dad34,bb0a9ff9,0f57af93,8f96aec6,8d20e2e5,4f716dc6,ed42d1c2,fdcf335d,686c99f5,79ebf8ce,af628a2a,a7c1e7c9,118dab4e,61723405,178aa1f3,71a8fe77
330,22df48bd,68568d30,efa2d246,03027481,b5e8fad3,f4f5e649,39cc8c31,9f011157,eefff281,82b8146a,613eed96,dff29911,2c763dc1,b8ff0d2a,67e49fff,0d4d4996,d26bf845,803149df,4e3d67f2,d32e1393
331,532749b5,fc5babe9,cfdc1019,12c6b866,dcc9d5ca,63d519f9,a98db4c8,b593e60c,30622559,7b178e18,d8072f50,d282b680,ca70d4f2,699d67e2,ce64d214,a545e450,ea19c765,a79c89f7,f6494a67,c8c57996
332,8c8aa309,470d7b3b,19bd2688,8ba62699,ba9bd7b2,17801542,d147b44b,b76c3769,f26a1019,e81c2573,5fc4d489,6391af0d,b18e37b6,ed64b7cf,63f5c705,f6bdf965,f117bc84,a2be48c8,ad5f74b4,51df11ee
333,398978ab,a36a6bb5,424dafcf,9b8a75c6,db951012,7eb16036,cddfb193,d60803e7,a9f8769f,e879a53f,7811fb0f,c55b62e9,8f6f5759,3b2a8b73,c5b56d89,c00a81f3,19f835ac,cb0262f8,a1702b42,3b45eede
334,0d31460e,e88fd3c9,85dc525e,70381e1f,5f4ab442,35833a83,a29d582e,1331834d,46c7418e,fb6bbebb,d7d9a433,d6341e92,8c994860,70ecfd98,1c139051,a03c5a5a,dd21f9f1,db269690,ba971d57,228d102a
335,3f785a34,08fa5fdc,699702af,04cee31b,0cab973a,7f225180,c5ae0c74,fe14eda6,2b7c7b95,719b04e3,27b4169a,57e9c21b,561939f2,4898ca58,c772ac32,9c8cbf58,de994a45,100ffd61,4f246d13,d617188b
336,bd00c85b,85d7b0aa,18ecb57b,8f6a3e0d,1dd20e1a,4663d303,1e950f33,2ebb9fc4,323e91e9,e22f661e,29766abf,ad4380c3,01b35fd4,be66acd3,240c93d9,53a72688,52fdfd08,28bdb92c,252a8132,a526bb0d
337,fb87bb4a,989a78bc,6c7ffc02,004353d7,4e486cf5,b05c94a9,621d1396,0f50fbf2,f12f2cb1,fd889b8e,7ea707f0,82f2f754,3ec70678,814a195e,47d461bd,ca1e400e,15cd8aa9,6d9ed428,a83e6ce0,7609eefa
338,d6d6b31b,dfa3dca2,9aebac04,762839d9,56e1f16f,fd26b1cc,33e9c71f,ae978851,e665892e,4b04c1d1,d2af8c5e,5ab28087,47334c7a,f610945f,e78d79f1,a9ad2a5a,08b3f1de,fd5fa438,4b5ee93b,bb3e5c34
339,809cc32c,c6af9fcd,98026cb7,4762c96f,4cee7329,c2c6c2d3,f49aece4,754b7a78,ecba0bb6,e1c9e701,6ca5e353,2f36021b,0b96c7b1,9f49c539,ab59d6f0,9720e283,27537dcc,933857b9,f64554e8,ca16e382
340,7e6f92a4,c3f115fd,613b0565,77150e2e,b7f73be1,c38d597f,94c91a75,c4c1b3b7,1a033bad,cb6f50ba,ed252299,886d1efc,5c8a4a87,8b700b23,c892013f,c2ffaf5b,e5a4cfad,66437ec6,7d720ae6,f3fbd90e
341,14d676e3,b84b97e3,609efee4,139694d0,e518ee7c,681ccf0b,d2d70cb2,592f8f7c,8eb29f0c,8462466d,32d9bc55,e61a2b6f,b00e8df4,43221eb6,82824259,ee279896,da110467,648ea040,36c6b73e,50218cfe
342,dd882373,5e4bb792,cde8f3c7,afc47445,ef9b99fc,de8347de,b79c1941,50dc833f,5b4dc1a3,ec5685cb,df6fff8d,790e8f65,d344ecab,9c7062ff,632fb70a,3ee303e6,e430bb40,b62580c3,945aceb8,65e78a12
343,e86f80ec,10ad231d,48493133,b6ebd4ba,db0055a4,aadbf244,a0ab92ed,1cbad42c,0e41348d,f1c7d24e,5d1867fb,58aac07c,c9bc3cc2,5c9eaac4,528a6620,56d1d93a,b1393b81,bf33b8bf,da23333f,25dd59da
344,beaf9b40,5ef64628,35d7e4d8,2de39ade,65cf54ac,f27550fd,b0b48436,1d4a7729,0a9c375b,4bb4c56f,976ed788,0c81d188,3c7a25d2,749ad7a3,a54bc6a5,4ca6f853,c80bdf04,a319794d,76c1c248,3d4ac46c
345,843a9111,41b6b29d,7714de8a,d457d832,22caec90,1e6ed806,c93b0a57,ee27634e,c96cbea3,9ae07159,7135612c,016aacb0,a1a09946,fb6354fa,60dc53c0,f2c605d5,749cfedf,cd0a8c90,3519e1c6,cd5dccd7
346,277eae1c,b468c67d,3ca2f7e5,3d04a390,f611b192,07a30d99,338437e9,4695bc0e,4390827d,7b368602,96528f5c,d1faed25,22556311,5e5971bf,5aac88f4,2be76076,6ea68b5f,cac77482,8df059fb,80e0712c
347,6bd4654c,0eebc768,3946d4c3,e1c3bfa7,57a6dff7,befc6370,0ec8d30c,b0e5e5cb,789680ad,eb83a613,7d366462,a980dc9c,2e54c166,408c50eb,8b93e0e1,e0dc9dcb,e53b8354,fd7bed90,d43029e5,c74ff6f8
348,2fac7ed5,7ff725bf,e6cc5e37,773a55e7,6808d965,45a98be8,e2d02f8d,740a291e,5804b24e,63d4304f,3edc137e,813eb7a3,1af9049e,7361cfa1,3070ff39,04903562,b00444f7,75a66436,aee7b816,3c231ad5
349,01f4864e,73c36a57,b8224a1f,7c4a1742,a721f96a,b00327b3,599f2335,23f1e01d,9db0919d,f6ecb6bf,a969f265,43088a34,1790fbd9,68546486,a1a3a8aa,b6d334a3,d5290941,19df7dbf,94495205,7c40a7e0
350,4e57236e,df6f6e26,d21a8104,c9a54eeb,0b49efe9,0f889f06,464df9ac,25594def,7d764e0d,2755dae3,53ea994a,1b4a1ccb,ba5d4cf9,66c1177d,c6b9cf30,375ec703,90535f63,f53431a7,efe7dade,98305be0
351,35d3cd2e,3a23c9d6,3e33de8d,a84661c3,1e68d1a0,f205eaa6,59a551c6,02174f5e,a411b868,03b0d90a,f08c945e,52f7a84c,0a5953e9,2b304a13,6297bcb0,d2de41f2,44c41cbf,f6a16b29,fa5f52a3,0a779142
352,48a655af,9c73fb4f,9d492d2b,b4328cb1,ea2c205b,1dce9fad,ac5f3f2a,4be80869,d13b4ace,2915be9b,670e814f,05af3361,b98198c0,00d45f08,552799bc,5e80cbb1,10cd8e1e,73a7bf6f,2c3b7910,ad90abbd
353,4daa617a,bedb0721,821606c2,ffe53fb5,0ceb9db6,6d5ff1eb,695eb269,a26503d2,57a844cc,fde44de9,1a45ce40,a778ee65,4eded512,b21156ea,0dc63688,913fef94,52cdc8c6,492cc416,691c59f2,f8cb975b
354,48169392,5ba8bd50,a21613f8,10fcc2bf,d160fa68,6dcff3a3,c2688a31,f6e740f4,aa4e58af,5722a98a,8c4dc20b,aef6f176,196745c6,b07f9949,19ea368f,cd2f0be9,4a6c5e88,c4a3171e,89a840e1,c571ed63
355,aa4ec356,99619587,d9cd3be2,0132256f,f09741be,09c0ce2c,14c590a0,ff66534e,68aa58fd,86a69d71,4a0e9735,60dda5b1,9ba426c5,7147ad2a,d7daf9da,0b94ef8a,bf45a8d1,421646e2,602260a0,e784cff9
356,73acd269,f6f3fb6f,2692fd7d,fb7a32ae,dd63073b,0516986f,bd762e27,27cd8b26,170f41fb,1f6e2d19,0f93425f,c18ea452,edd247cf,e5295d24,6a421d62,2855cd94,d7b32a9f,15451902,49224aa1,1befed20
357,97f61767,bfa6de6f,31bb8556,127db803,d6ae2e66,1df0771d,d38f0396,b4fd28d0,09742f97,0bfe111f,c64f09da,7ce907b7,6c767622,04bb39d4,cd49e751,d0a7aa92,12481a2d,c8c14db3,7b2dfac0,63a9731d
358,ea2d2a39,2cb06e83,78c1fec0,cd36c95f,c4e85f9f,485c456c,4526ad9a,3ce61d69,6b8141fc,5f0857a2,4be7bf53,f0c49cc5,c3a57269,abed23ab,b5b6b401,9c2e648e,c7878e6f,2c58f3fa,4c6e3e9f,c5615a60
359,ca2482fe,1fa9c660,59334f5e,dc83b74c,f4152383,5bcb4bf3,695c1991,047adb60,55c092d9,ee545f7b,e9bcaa97,b7329b76,9dff8e44,27aebd72,c83fd713,e602266a,f3a76bed,a24b1300,a23a856c,51d87aaf
360,a28727ee,d000e534,f1cda9a9,92b7c06e,54e55cb0,46a330ca,5df821d3,aedfb013,71ad7f34,d3c84783,bdd881df,2c3fa7ed,97b682e9,679e4823,6bc35241,fdc3df29,26790312,8ea37ede,cce948e2,73c6ea0c
361,b46b9e3d,faa4e16c,4ac886b4,75bcf557,064728e1,a5c17712,8197ac71,069ea223,dd20c261,40e2ba91,40cb6f3f,ac11e1ef,f4033317,d1f6fb3e,314d7f55,abcd6904,50897f00,35c2fd09,1345b0d6,95d3a1dc
362,0c60d616,ff249db9,d62330d9,7c2e93c3,8029f31d,88ebbe26,d750a16a,6d558160,9f1be05a,36a02378,7883c239,dcb81ec4,b292a85e,77a6eb1d,b047d94c,aa17a66b,94721369,e7763480,504a20da,488e56a4
363,884c9ed8,a82f2a2b,8aa91e06,072ea57e,5a5c63bb,ef196342,fe978521,2b2a969a,16937cb9,74c2be1e,eefa20c9,f0ca4e31,b2094b9c,65958417,12b99e31,66b7182a,8d67a4f9,b211af5a,2e8f01db,b45f3279
364,cb481a21,ed51983d,26792aa6,736dc5a4,fb31573f,92315ff5,a7e460af,60d63a9b,bd86e7ff,3e928cb4,b0094b70,7ca99935,4edfa755,9f78ead6,c579a756,6a8ad656,b5f606cd,2fb157d7,7fa332ec,aaaa7100
365,cc970c79,96770bcc,adc48a03,d1037854,6f725a48,06cf7e46,2c9121f9,7f24fa32,4f14001e,73831ccb,08fa0645,9e9fb45e,711731cd,7dfd5b16,2a453aa3,bac61205,1bd2efc0,65bd3cc7,d056cef1,0d1e19f8
366,289c617a,e78d15ef,d1b946a1,2082ccd0,fdc0f263,990f9f7c,44dcdadb,0dbe7575,717df347,b4bedd08,4c9f8823,e84381ab,94bd4ffe,284d7dcb,2538a27a,8cc2b0ca,18591a41,2b04ad5f,de63f308,5727ab3c
367,715394f0,e7127d73,3b16d370,c42fa229,9d03c0a5,7d37f5e5,f26225a1,11abf3a2,5268e272,4dab176f,0582f0f4,b2e46c2b,d35c7300,27f3b3e3,e41230a2,860e45a6,c41b73ca,398afaba,70fa5a37,b2a87439
368,fe08f711,999eaf18,f989af18,ce4189c3,de55cf30,cf4bcc0d,25fbe08e,6af12848,89b987e4,7f96510c,4cd61834,12fc4c0e,474924c0,8b9f2ba3,b26eb3ac,54ee90ac,ef96ef9e,40c47a74,8eda3c0a,633b5c19
369,79eb4de5,3f74bd73,67d664ef,ada98f54,8c17714f,f03e95b1,72580baf,fdc321af,303dc969,7b2b9a42,6189d01e,1d4b7250,dbb90567,56b1677e,33c33395,275a41bc,5b5eb40a,5ddc8eaf,705ccb9c,fe9a1b3b
370,385988b2,8702208e,01991cc0,7b8d109a,f0ca65c6,cbcfc7ea,25e50385,98cbb7f1,b9f4f86f,f1c3edc9,f5596ce2,cf3361e2,6deef814,db82fd13,3f100682,de970ff5,52cffc93,06abfac2,cde79995,61e45b2b
371,95735108,c910dc8d,3d4c4d55,f2efb4fe,b3c91d38,f46bd126,9a3f9d77,c59e9694,82899c3b,a76c155e,ae3a6111,a76345ba,c5c4936e,5f5ef99c,fd92205a,b3c21562,bdc15648,f8263580,e5ffd4f4,9c0b397c
372,d3293708,a1bb5a46,c017f604,105bbefa,dfe84df0,1f8d3d1e,31702a6d,74854d5d,68aec483,b2e165cf,d2e2b38f,27c472e5,9a8561dc,252f53bb,37536b08,2269f2bb,76773c63,ee378550,1e5559c3,0cb0631c
373,1b9e3ecc,5426c966,39657f40,8f36c91f,20620461,5e638305,26cf899f,c03177d9,6e302dbc,ba2b7738,5b72d2f6,1a5e49e3,4afe187e,0e67fdfb,8e7a58e4,4ddeb0d5,256424d3,4d215a86,183899ae,c8b0d7a7
374,da1de062,0c667cf9,475ceccb,4a7844c1,23561fe6,cc46392b,a625ceea,6996f60f,d2d506b2,40b69c78,4d2859f6,0ad1fac8,0f7bf890,f7bd9ce2,00718a2f,76042f06,f0b125a7,d6036184,0644a469,759e2193
375,ff60da11,571344b6,23da0ca4,cee056d2,3595bda6,e539c37d,32b0677f,4fc121c3,25bcbd46,7a34e7bd,db4b1e35,24f390ba,618d5c52,bf93029f,9ba20569,453041f0,fe1e738d,6d2e4720,f103b87d,4a37b222
376,fe4703b5,a28f53e8,718fb8c1,bea74fb5,56891c2a,02ef1644,c801dadb,a015a77e,49a0ffb4,2d8be601,f59905db,fdddd030,efa305bc,35f9d6b6,5261ff1c,8a7a6840,c841d0ea,ddd42a42,54d2ab5b,631b051e
377,ed9b94d5,d7ec1ae5,7605b0e3,4b5f1fc6,9be37e25,235fc79a,630ab874,fb1e35ad,42d1aec6,639b3c91,2cc7e00f,0e521746,aa1dd8a5,eae82d00,2beaa1e3,376ce29c,9b6444e3,49876322,049da288,dd04bf46
378,a0606f8f,0e6362be,82a59a5f,f2a01bfe,ede99f3d,22711325,75433f1f,365daa4b,20cbb271,df19bdd6,41775852,e411845e,53018d23,d78de286,d347ab13,9313c0b6,af0ddca1,f6dcf0d1,6552939f,fc519a79
379,709ca57c,5458e00a,7d425b0d,56b4d8ab,8e2f5702,bd0d074c,76ca3782,7b355b29,6204e3a7,5acf3e7e,8a734647,28704cb7,e623ac4f,8ed3359f,bbc2c626,e23ca307,08788dec,5645b135,db5844de,e50ba305
380,81354e81,72854d95,2f1afc78,14eba97e,a4a1e4d0,ea02fb7b,e16d6d69,3a74a4dd,6678e1b8,def34770,b7677d95,97defd09,f5536a23,61523e55,4d005ad3,ab301b72,3cd8a01a,fad1a202,37a1a6b1,21bceb36
381,285ff277,dd898c9a,c261cd43,0942178d,43f30cfd,09a116e4,c3fa4e2d,a11d2564,3eb011a4,5bb9c95a,160018ff,bb3f0294,5b995ed8,7a9e2610,53014b0b,1a2b996f,e70a2b63,a5349a38,f5b99a99,c1ff1249
382,df0373c3,91c66ac1,c6059395,3c503ac3,95bd2cf8,22283146,d2f864fa,216781bd,781e3d33,897947ac,a2256047,a630ef0a,d67eafec,bf845c9e,e0fe42b6,8d624060,a5b817ba,26ff70b5,2baeb8c0,40a3bcdf
383,f2a92cdd,1c5f1dd8,39f4a5b8,01cb07e7,47042881,add5985f,1b89c951,86a83399,91868a68,7ca02624,cd8ac5dc,42fbe5c3,2661fee8,66174624,76166fab,ff13ba59,46842025,816b88dd,8a509cc7,169bee63
384,be750d21,4aeff1d8,d130146d,ebf7be52,85d470a4,346f7cf8,50779559,034488ae,d1ba5f1f,ddb5d17e,eb87dabc,23d937bc,5d0f8178,1077e812,57cf88f1,76d759d2,ce36c85f,5cdce9c8,aea296f0,796e115a
385,4a95ca15,a19429c9,195ca57e,dd94dad9,c096e099,5762543e,300338dd,ee70e629,bb11ad49,ba31e01c,f13ed900,faff2fed,0019028a,75063021,78f923dd,54bfca75,c656a7be,8b709980,e877a15a,cf2def2c
386,aa11f16c,dd768b33,c604e83b,d3470101,dfe67ba3,f0e62ae6,0221cdb3,9592f089,1d6fb81a,7f6737bf,4ba973ae,88b1ab3c,5bd2ee5f,fd1d19a8,4ed9458b,c8d821cb,007d2b0a,4f0d8e56,7dea1919,c0a3b4db
387,fa4a603d,0aeeb260,22ae7818,ef0557c9,0ab3bc48,ee0a2184,bd9e939c,5101829a,4de31f0d,cffa8a72,456333c6,ba104484,a9f10118,a8047a01,3c50eb6f,d6b68240,93082488,356dfbcb,330fe56d,2ae46a57
388,41db473b,cc7beec3,067b0fbd,add28df5,1025b997,0c1f77a1,1f4733e4,02b5ef45,a3392ca8,73aa8c2e,394e7ef5,269b97f2,6b4649cb,c08cbaf8,09678c5f,7cf1e7ce,516fb4a3,3873544c,d0d9f91c,b42cd61d
389,4c758a3c,2b6a7b38,69bb14b1,6f72d0c3,a38dc268,7d3ebc50,76930b37,9d9dad4b,a55a19bf,f32b5c1c,5762d9c6,0883c074,c20a2e2d,c78e9830,0d8f9010,a0182b6f,2e6d764a,f3bf327d,b2c5bd4a,f0d14bd2
390,9901e37a,3d956d50,a76dc8a4,ccfc9271,f0dc6a69,757b0b82,ef035d8e,e94fd96e,b2338c81,262c1f33,9751fe0e,fa184298,6582a2a3,83554d10,b53b053c,1bd76702,f0da676e,3f14a995,03b4129b,ac578412
391,a459ccd5,4a9fc55c,fe8736c1,9ebf6097,55ebdba3,b8c06953,f8ac2c2d,939100cc,3ccfc991,75ad36c0,53923436,32f11205,9b9bfa56,259d102d,ef4c5568,6bbe0b9d,c2b752fd,87556e76,b53f39cc,646beca5
392,1c882ad2,5b3978be,1d9833f1,93d40dad,9aadb3c2,fd509dab,0972001e,dd36b9e8,5f0a9648,ab546288,d80d4393,2bd43d24,0ce97df3,93c33996,c1e48dfa,61806f56,60eb6495,496f6f5e,891afefc,8a75f275
393,0710bc45,b159f721,6a806a7a,e43cc7a6,741777e2,f2e8a8c1,0eb2757b,468b5dd1,1fb5d01c,932b667f,2cd4e15a,e8b9c2e2,7e35115b,c8f847d5,c5a668b9,63dc0e17,b11be496,b6ba86f8,11ca7d3e,b415fe78
394,7d943526,444e8ea7,9bfcf8e2,6d13d910,27196891,84d35500,a73e37e5,258ad6f5,734824cf,65966b23,033c672c,79d3a38d,79c23cac,8227a343,a6dd2631,32f035cf,f90d73e9,4110b64e,6b0daf37,2af97e94
395,68adc9f6,a15b33b5,cd679bcc,9a24a7aa,9eca2f13,054c7ee7,f74c2a73,1da45e68,2070bcc8,b02c2a0d,9ed5d66d,8fd16547,df048b5d,e253279a,d90650cf,3c621509,b2164e69,5935451f,2adcad9e,0036e4c8
396,dfc15d44,cb59a39d,2ac2db60,ee41a40f,ab04b3b4,ae3c3782,f3802d09,67255e8c,a67c740a,f166211a,0827c7a3,57a7eb77,e9b91f72,2255bf38,5507dbb3,f9c13e0f,2b59a242,496a1811,0834a306,c1d9e0cc
397,2929c6a2,8ec52600,a4688dfb,31a3fe42,2b8f585d,2783cd8a,4f8484ef,a0dbc19d,9daf019b,cdb13622,a9bc25bc,093d30c5,b1cef582,682d29eb,2278669e,adf44f50,bbfa4c9b,57dabb5a,8049fcae,e44f8e4d
398,41b90301,8db9fbe5,d301f50b,daf646e1,25a9bd63,c2f9f319,a6750336,36b486a5,58fecc9c,e9fcdfcd,4813fabc,f32004e0,38aedd08,072bed38,943017d3,553e49df,b10a58d6,d7ab21f1,5c90c0bd,075ffa1a
399,25a11f83,b9decba1,9c55d482,3101490e,326d0df2,cf75cd9b,0b778723,9883810e,cb46e664,98197e83,d9f7232b,06cf07eb,de5dc310,d27cfe8a,d2842c8f,9a7c5860,d1a828ab,94cbe85f,5fc0dd5c,a3c42833
400,a3647e44,7d2708f5,480df879,2823be22,41b779d5,14ed06e2,1bfc4b09,5966bec0,8d2399f3,d3058bbe,92d3d36e,6ba57a52,1e4f5cdd,9efc62f6,584411a0,e18053e6,7f33bd5a,64544bd9,157e8961,9df2aa04
401,f90f7529,fbac062b,a70a73dd,2d604344,3da7b0f0,abca7907,6495a71b,acd53a7a,ebe9ad90,f01f2750,83571fc6,1b5e2fe5,0d3350e9,c3d98351,2a04f03b,4b7c0eae,6ab958a4,f35f0bfe,f216cf4f,f3c3a656
402,59386de0,b9c32240,6b70402f,dc1e481c,74f6271d,b2befece,91bd984f,0b285337,eca136c6,681c54c2,ec038810,8c1eb370,dcca043c,28811d1f,136b048a,4c76925d,aed2bb12,7c6f9198,8fe25621,731b2d76
403,793910e8,f16dc3bb,c9807cf3,b3a79159,c4645452,b2b32771,a7381875,59ef8152,923409f4,4b6c2d9f,8d868db8,5f87e490,ca316ccd,093b4a48,9693a50f,21a997d6,334d6670,30b191ab,e7c80ba1,4198bff9
404,0eaf3591,5bf29fce,adf45464,a6ff95c2,e898cc0d,e1604f49,ade7d55d,a8b50098,96d46197,7c0f9d1e,7957c291,74534f8d,80dfd933,d00da045,be645455,9e424d64,2a620109,269f2955,595e1ca2,3236c734
405,5f8c66b1,abb110ca,d78ef3a0,8a82f871,812639a2,3b434259,eb28ea38,35fd80ce,95c82080,b2133d89,53fd3566,095e984e,d86edff1,af954d18,03c9e933,323a79dd,576a5a99,368a5b6d,47d6e91a,de1dc37f
406,14589f83,e610b7ae,e57e4e45,7e1bb746,d6fce2e9,429d1cbd,8368872f,b5b5f42c,8338d774,c2c1fec1,90859c59,a7d1ac27,92b6d3cd,ad84a2af,383351c5,9d5df1ed,a93f60a3,a9da3bdf,8215a6c0,38e157f3
407,a9843cb5,1a435b1e,a3b404da,f12471f9,caae6800,3d451fe1,1be960e7,76b6f20b,b7005e0b,6bf3ce8a,f988770d,f9edeb51,693f5f26,474d9197,bf028c3f,749882fb,94d2a5ef,5d011155,cb9c9401,62303158
408,a749f0f9,8375da79,3179b0c3,d786ffe1,bbc4dec1,0fd1fb59,aea237c4,03f1ab93,96f018bc,5c6a96ca,ec76ae3a,95870eaa,3707dcfd,817258d0,12f98058,c79125a9,fc8cfe11,1c15bc67,881c0eea,c6e07516
409,333a476a,3a3a1c59,44d36b93,2af2c0a4,7d5cfdfa,b7ecd952,0744708b,3b210c6d,b17746f7,a7eefaa1,33a795b6,d92d09a0,9961e658,bf7051ea,fdfc75f5,95abd35c,dbb71b65,fd4d8382,d2440cd1,6f4585c4
410,ee76d7dc,3b719830,ecba4019,affe50b4,626d316b,5ab41742,627b9f4d,914f4252,65ea6554,57437311,03f93a13,1fc433c4,c9d93d0b,810efee4,f8e231c2,454de5cc,a1d503ad,36a861c3,ab7f0832,d55d5abc
411,6296248c,fc0e6d61,8a65734b,04deef29,1e6b81c2,ed389e10,f90b645a,9b64d7dd,ab144dca,9c358fcf,f1cbbcf5,b0eb5db1,6eae80bf,1b10de09,e1070672,29c50ba6,43e44d2d,19f63f50,148e4ba2,1602e8e8
412,354b6cdc,cbdbf050,1b050b27,79ac96e3,b1aaa59d,4c1a4fc5,99ec6c32,273ef9d6,a8f27e0e,27c9de9d,cfad091a,80a75d21,307cff70,9a7b9c3f,0877f888,af399918,c80cc872,1752d6d1,b1073cbb,e812b0e1
413,6eb8c247,23314c3f,0cee36ff,6d1825d0,3a3f8e22,05be13aa,e907006e,a24b46f9,2e0be5cc,a5b6de4a,86401289,fce09514,6fd70296,0d17415e,ac3b2bac,559e9937,98c98c90,60cb4f13,2125de81,21732dc0
414,4a79502e,ca00903c,fd27e0a6,5c3872ad,d510cb20,782c0d1f,5dbacd4e,c16e9815,4b14d690,49846509,2aac3946,cd3dd1d5,800bf3f4,6e499abf,a940cab5,1610410a,3557df77,803c59d0,6d73b736,aa091084
415,cf059874,80add816,0fedacaa,754701f5,5834e478,cf32eb29,15235e67,bf84eafd,7bf5bdf4,d3408485,10954237,a18a34b9,d534d520,eaa14a09,02626ea0,d0ee185c,0f5e45fb,2b216e75,69006067,32934f1f
416,bd2a930a,23fc0329,082cd42d,3c6f2d32,5d97e3d0,f90e63e2,aff14259,20b1b1bb,95e8ada9,52ac93cc,41da9e3a,43832208,58fd75c8,ab669c47,2d2e5699,3f427fdc,8175df74,7b550ed0,67cca005,e003dc94
417,c4cbbe85,243a881f,84c49d06,62bd4be6,299c07cb,d7d0e04d,4c55656f,65514c82,6f39ccff,d2e7bb23,8801d955,61773cfc,764a8643,356b31e5,bc551f47,191c0cb5,69d30587,6ab58e9d,eeea2c40,dfdd88cd
418,51efe648,d24041d7,333736e8,26105a41,a31a99ac,abfee14d,2e2b168d,ccb3af13,7dc4beec,c59fa010,4571fd52,71740cd5,454bbd2f,e03c4cbb,34629980,0646d148,aea215fe,43e8fa2b,3f7c1587,90b42448
419,8292594a,4c77c2bc,f0882790,80aae2fa,e8861355,4c918724,6391fa82,ae9ee336,e3f58a8c,ee7537b2,60aa5bbc,0a2fdb08,2953eacc,6b639c88,8bc738ca,62a1d529,a7de9dbe,15eb4a8d,598d8b18,b7eb30f1
420,9f46dc10,3224a1cc,fb67339c,849502e3,bf7f0724,fb2cd9ec,d4379c26,cd0d0c89,16e6ee54,2fc4e9b2,e3756310,5cd4d601,c9c519c2,1454938e,7bd4e9ba,fc803bc0,43aa2ba5,50b14783,6fb72d47,ec8613ee
421,646b81f4,85f29f2c,64049722,d7f1c624,2a26e98f,f3894ab2,de64df0a,5296f807,74aea80e,c4f0f7db,3f854405,5ac12328,b966e3ba,f3db2916,21fa9f84,e20f8e86,ba1d0ed5,a92d2945,fdb81671,b171c57a
422,1c0202e6,1eea97d3,cc14a5d3,3d241353,47624b6d,27fbf353,96168284,386fa41c,2564f286,2dfa60fe,5a99c766,6274ef43,3b22939b,f7dabddc,0bd39105,6666ce42,562a55ee,a6d76c94,faaf8025,769c9343
423,9df99386,9ae4d635,1db521b6,ebd1d1b5,42d3e3b6,5d440176,8ca74540,832c0b86,6c96d4e2,17f07979,8e112b47,3ed262c3,c4868fee,2ae3eb46,3dfc4007,87cb07e8,4d702fd7,baf1fb45,3e5219ae,ae9f31ba
424,e3a7976d,04004bb6,20458513,1d37efd1,56fb4ced,f56323a0,051310ca,dc295069,e647c1e1,e0358cae,ede04cc3,783c6990,bc9eef50,751c7b1e,31c56fa8,6cb2942a,172a6486,f2972d5b,cd97a715,eeb29131
425,afe76200,52ca4a9a,f0242eaa,b50c813b,145f6549,9e7c160d,83697b3f,7be664ff,19aa6f48,d7d966a7,d388cf2a,0e2cfb2e,604bef34,1eb99d51,68fc6bcf,df9ef588,fd47100f,a07810da,feff769b,8b527bb5
426,47637a17,7e5f6b20,8ff54674,83b86902,262dd02f,12322558,c5455ea9,4636c332,d95956d0,389444ba,b74a9d4b,e555f2d9,35851e10,77c74e4a,3b141589,2227b45d,0c569c75,080a6e09,cf7c5f06,33b2c2b2
427,cf7b7b61,97117019,233c65dd,d89e08c9,f2a1cb93,a9611830,856fa8d3,204d03c0,f4a07c46,04ab9b51,4c87317d,1e02fef5,ea12be92,098e77a9,aaa5691d,ff9fd2e8,18eac982,757e93ff,709f7833,5719085a
428,264197bb,3fcbc13c,324be773,29c8e078,80e670e5,62d3341f,97e196e8,66bd96c4,28648cff,b76b28f5,17172605,bb90d9b8,f25de7c0,3c07a81f,88e99046,d9f3ddec,5c799826,877d6a82,db804457,68baa979
429,011ef3fb,7c33553f,e47938a8,e09f387e,35395ab5,1f69a517,85d734fc,419b4d38,bebd9aea,0fda648d,69cdfedb,6fd6dfdc,eff9501f,9cda0131,fe78d0d2,c206eaa3,4c8f55d3,01afe3fc,0a6c1017,3b24cf07
430,7e01003d,56fe01e7,0a0853a6,5face970,6332f615,088f80d8,bbf72b6e,dce46b60,c70a1a19,04c9a572,91a496e0,353f1ed1,fd74a7f0,6ed1df00,1064b682,65ebce2f,bae04c58,d5c92e8c,8cba9dac,fcfde305
431,f13edd24,d61d05fb,8ed209fd,ccce2d49,67d65aed,0fb5b976,061ea680,2f75c648,f0ab287d,4fde8148,b86e5f2c,743eb398,1577b574,3d1779eb,01e18575,446f99c7,11584438,6e37a1da,85f57c98,b7b7ec95
432,69952bdc,251b5563,cab8867f,8851e1d7,ff8c35fb,9751a2a9,2c5f4243,802ba059,5b5ce7c3,1b6b78b4,07f54d4d,ba7b2f9e,1a058af7,bac5da00,af31be17,63fa958e,58521571,7128aa5b,386910ec,e8d99115
433,f0264470,03b820aa,abf7dae2,44daf96a,003f7435,3970c810,9d6707f4,ac5cb49b,7c27a82b,467e0c15,43ddaf45,b21df667,f48b02c2,73a9cc01,51c9cd40,a4492c32,23142403,16c3704b,307b4271,5a11a378
434,b6ba0eee,e7a0b9cc,d4fe6324,920686df,5a4496f9,286dc27d,faf01bf5,8544882c,b758626c,218caba3,5722b7c5,06940135,c4417ed4,1f3a5154,eb470bcc,bbbfdaea,dab34d3b,91cbb566,1e0b7d72,46ffbb5d
435,cb7d1623,1b8dcab0,fd25867c,36981e1d,3824d2cf,bf50b906,cb78bfc8,133f7063,b9e10893,aaf36105,f37048a3,189c7281,08d9c2dc,40afdfa5,b240493a,55f850e8,3b251f3e,3c27b677,fa3159d9,ba275e2d
436,146831f9,e101d6de,4af460a0,0df3d1a4,bc4a5fa3,8de5ac01,079e6148,9a4a042b,51923ffc,453af20a,7cf75103,9747b535,a589a11d,e2a60bec,b5002e0b,3cd984db,3e4abea6,48a262f9,506fe087,29b0a8e6
437,03d478ae,223397bf,b485f74b,3bdb6072,5838c9ad,7a25421b,2ca46ec3,e2c137ca,b1a9b4e0,c614c0f9,f9bc272c,4c8d927e,ff8c4fc1,3d4d835c,2c57af22,95639450,12db64aa,51d5cc25,678b736e,32a3cca2
438,5eee9b02,f2e07c4e,1e1918d5,566bb834,d34997d1,15bc8289,92bfc0c0,a3fbd5c9,66d268d4,34fb786e,3c3bf53c,017d78be,dbc019cf,67c6b585,b07113cb,5945534e,3db8bcb2,f700bde1,5c750325,d15da6a3
439,5fc619d6,a396eafc,8c14f296,1597a66a,b6adb3c5,b6870bf8,103841f5,020483d9,65ac2566,97977931,0c0ddfc6,e6173960,06eaee57,08f8aa09,dbda2ea6,535e8d8b,38c8ecbf,f798fdc9,7d6025fd,20a0d474
440,e1edc205,76a320c5,dd4ce87d,f38e6f92,04e8e1dc,7a81e8dd,e09d5817,a7326b9b,986d3ef0,23f433ba,9a320f52,eb6e22fd,8a57dfca,e72a3d09,a6e9ab31,3b65224e,2b8e3141,03ef4f4f,23946b7e,5c795ca9
441,26680e78,3af24d0a,acd58e9c,097bf62c,040fe1ba,33e4f46e,4204e3c9,67fa0d5b,193e61dd,9fb42631,f850031e,a2249838,39fc606b,65664e18,c216e4b7,26965771,1cc379bd,bb9e0576,a1101918,ba57f234
442,40b51037,9ef7c550,1a345ed5,1786f9de,31c51097,343fb9c6,45daf326,54936872,375c6b63,bb6904a6,c2ec95d2,ae1a9b0e,6ef72e96,a92914f3,89ddba2d,96154224,77dc5fcd,2122e95e,a40bfbfb,a2abdf24
443,d6c0bdc2,eed03082,cfc09f0e,4d7a6934,05454f05,19ff9135,e858001a,bf8b8346,7aca90fa,717413cd,be602abf,71f8782d,2297a633,7bbe3bf5,217c8073,f3dbcd6b,4cccd698,19b88364,a42e29f9,8851a66e
444,09972f49,c4817e59,e3396bba,9c7d19d5,aaae1901,c9a3df98,315899a3,dbc55d86,82918499,b7d7311c,ce174181,2b97c9d9,910dcf3a,1bf7612c,d64ce298,d8441a58,f57342ee,0cc05ced,4f3c42c0,ec518965
445,de48f180,6f00312f,38a9f693,a4a04264,eb19b2d1,9815a3bb,81608bc7,87f9dbf6,83335913,41cfc986,76b0df39,ec6b8bc7,77786ecb,25c0a1e8,7025eb91,2e593580,61246598,aa7513fe,20360b9f,e8a07937
446,29c14374,7ed925ba,0621aeb9,97d7c0a7,6c4781cf,43440d5d,61708076,ca0eb7a3,4a6abfa7,0bff0437,d79edee8,a4c1cdc4,d67ebd30,3568a99e,ce7ba76d,ef67886a,eb26ab79,b5a000dd,754a6ca3,92c6f45f
447,164d9235,0d04aaf1,9dc647ed,d94ec4b4,5de10b05,18c4fdc9,a7b689fe,9fec135f,d4c63be7,73960cc7,00e1acf0,08241e59,a8081715,eb132f47,1e875b4d,06dde2ad,f1ea515b,0c7c1f1e,87fe72f0,fefc6e5b
448,07764992,01e45ff1,76ccad30,a8fc445a,e5dad3df,17a9c694,9c24b346,05375d11,a762282e,877a0deb,a2c02db3,49354e65,114094b4,97f42f3f,4fb05550,74963068,cc9326a3,86d52a0d,36d1d06d,c6ec53e9
449,89b2729b,1f15fb98,6b1815b9,8bd532e8,dad5fe77,c3bb7e5c,0edd90df,67681721,794b4ca0,7991ee46,28234843,dab69fd8,e050af0e,126bc870,a84c4668,eef99075,16de92dc,82df8c23,ec19bd6b,c9d4b36f
450,865701e9,bd046505,56c2c77c,b63b6d2a,58ff5787,f33107a2,2ae95819,c2cd3d07,cfd92175,aa1b0ed1,84b8cc27,323d47c5,f3d7d406,7cd38850,6731e69e,867d8d83,d1ba3d5e,d4804411,900c1596,e62d8d08
451,e9be1b58,2d4d7f9b,4bc0a0c1,f5f520c5,d123b58b,2b9c6df6,65fb31ae,547f2f14,69959d90,46f76d47,4e2fd304,95ae2c85,69047eec,6bfc424b,03f9158d,be0dbaa9,fb917680,b6f96edd,68e6fa6e,bd96c56d
452,94aabca1,0646234f,82ebd8fb,e023d3a1,0d96eb27,69169184,bc492b90,ef65c2a5,47e634e5,3347682c,65fd3bbf,73d54b03,10b984e5,9ca0a88b,bcc91a39,fc490c09,0d6b0873,d7fe1f6c,eec2eb1d,164582ce
453,58d67f6e,5f6d533e,355738a8,d7d825cf,d61f4041,07f3458e,0894b9ea,2bd660bd,3cbd6e1d,f9ccbb65,5c7ffc4d,dbfdd80e,839fb3c8,c8239fdb,a20b1af3,ec726beb,56da6093,59884421,3a00bdb5,350fb2ac
454,dcde95c4,044b6ec2,015c7118,9b6ae539,c143f690,45f2506a,67f4b1a9,dce96289,deb84d56,d6509593,61e618c5,d7ac8f31,5f89141a,0ef26175,325d3893,168c29e0,edd706e9,bfd1d397,8f6c8eeb,a0c59bbe
455,c1da8025,11922726,6d209bd3,176b6b1f,7251aa10,ba3e395f,7991a5fb,b20a97a8,4f612460,e1af05b1,3604891d,2da14eee,c3c06b6e,01b40d70,d74efa23,7d288a4e,1412bf7a,d22f287b,b5c7f890,9d0f25d3
456,76a42e7e,b1bee15d,1f79552a,0c47ad5e,be971e00,a7a7cefc,27d4303f,d3df60c2,de386272,958fa901,6fb8298f,49c90594,15252763,1d292678,4eb1d8ed,44fcf136,ae45e0ed,035f7e11,39db3a6b,9523c11d
457,3ceada14,59fed09c,86242540,8c9b5fb2,4b172b46,6df6cc53,5b0692ef,bee87305,3c87d336,1bbe4cbd,f9823ac5,ea9c9f75,6a72eebc,247d07cc,29a9dcb8,d004cd55,aa61142c,7e8f2c79,22595e74,e6a6b67c
458,28fec967,96c3bc93,4bc5e121,dd194b58,c8e535c7,f785777a,e451c060,65fd6922,610cb44d,b134b28d,df76c4d9,49ac7b1c,b05a9fc0,50de286c,60d3e0d0,24edd73f,a33d6e04,f733a067,24058d72,efab0d64
459,a4a6b980,b51c0b84,b9d44eda,a90b098a,0fc56abc,e2ceddef,730212d1,255464fb,33c41b29,aa7dfdaa,3c4bec90,094d42dd,6e82d7eb,b5a9e3bd,975797db,ac4da350,742a7b01,7c4aebc6,e8cf8e42,40e27054
460,45ada11b,0da886a9,c75f0860,52ead569,ce3ca425,b0be11a3,5a40a6a1,ad16f427,b5bd299e,2d2f7658,dc26dd9f,00f10b3a,42f229ec,9b6a9aca,96b79adb,ffac548f,427f451d,65719206,db119a6f,631b841d
461,8a41857a,af570220,f5d28c8c,29934a92,a7eafbdc,a3d67937,d2c371e1,24ca935c,7fd42bcb,8600d1cd,3868e1b9,1e1c3166,d5ff09bd,231e2e5b,288dc0ab,2579d2e2,f3551741,1a6b34c1,6f49c1bf,5543e172
462,b162e52b,56d603e2,a0bbd9d2,de832b48,34014ff6,e0abe39e,bcadb0a7,483f599e,3a4be69d,1b856448,07b1a338,bcd96ab9,6e12d8b0,5de32b13,d71ba30a,91b26f48,219eb4d8,0c165792,00f59046,e41ef64d
463,4a357998,28ea94ff,14521807,d274d64c,0833606b,109367b5,400e6e2c,f919fe0e,ca05d3ed,1525cdeb,332611e3,761b5019,fe36857c,98d94153,96d5f3f7,8ffda8f9,ebbb7271,d8932e11,2aab7027,4ef7a84a
464,e8d246e4,e9d5134d,35853567,4c6195fe,0208a664,8d575e97,dce39e7d,04e735d7,72c8ed31,31cc22bc,47325831,262e1c9b,ced7df78,cda76d37,c5e3ce3d,73d21036,d1bcd391,9842cb31,26d323c8,4036eced
465,fd73299f,7e09bc3b,a828529d,c11d8648,cd57e908,21a14b63,cf46401f,ce64eab0,21db3e80,97ea1bcf,2c0ee5db,04079d9f,3852ba0e,84884c7b,ded48efa,ec09411a,acc628a9,5d5e93a8,93aa587c,95dd5797
466,da695676,900239b9,8cd489b9,d3aad831,feba817e,5c080489,12525328,462011c2,4b62b740,95db02c4,c8ce1413,e2f25868,2f83f741,4d202b4f,7f620e76,8749f033,9ac5c189,d422a63d,7af243eb,6a55c8a7
467,57b425ed,88159aa0,fd8b2b0b,74b29369,9ce90254,ed5e5dc2,e2ed15f1,777f5e1b,0c4e0207,830a9505,7f24ddf4,ce1079c4,3e1f0942,2a46b046,c1c56193,a89fdf33,7c490aed,1c610c75,07b48699,b16154df
468,698ab8d1,489f7ca7,db6c2d84,bf08edab,738371cc,22b4c5e4,f02acd45,9ccba3d0,88e4a798,163ac87e,b08b4c1a,f6ca61aa,1a5d8f11,258cc928,2a06b44e,af1de455,3f13bc01,678e730f,f4a50b5b,b524eecd
469,5ac10099,a599a845,9ca64a1c,d08ff000,245d1ae6,a290cca9,08372dbe,15f78911,5a5cadc0,e93bbae3,c89cec09,d643a6d5,74e11713,b723aca9,efd8876e,3b179c27,dc009b21,61078a8b,06c98c35,26763274
470,015535ac,dfff54e2,32de2504,82a740e7,dea6ae99,1ba7e05d,93f68073,d8ce4d7b,162edab4,6b2cf4f2,2bf6fcac,579c0e41,b55cd4dd,819252d2,2d255ca4,165fd9dd,222c1b50,47338802,51d989dd,45d93466
471,3facbefa,3839ed8d,1aa1f4b2,a47b1382,b875ebf8,fdb9738e,1fd60814,c2aa878a,7df95279,b2a26f39,040162c1,e009ab26,6c987591,6eab207c,1ea1bba1,5098d86f,66559123,64a730ed,1d86492b,87e14e97
472,50c80462,77e8a1dc,e357d702,8a889dd8,c572476c,f8120b64,98b05203,c784604f,facdf04b,41472ad4,996989ba,8b6cf4cb,91a32bae,a440ec35,c4ec1fb0,11db7c9f,da1a9fd7,a53a9950,10610c54,0060aecc
473,161b41b7,64b06d55,0cd7744e,2666cfac,e3d0e097,12468770,50252298,4788bf5b,26af99a7,da9a5348,526aed17,82b90bfc,4981f995,222d881e,24e45ff1,d43bc7c7,3da299d5,3abab8e9,61ea4e76,5ccd1042
474,9fb06475,ee755c24,60da7181,4f16a7d4,a0856062,1c1c55f7,3bec55c1,51efcacd,f6c2483b,c1a33390,191e39cd,36e70744,c197d198,1defdd1a,c6da15b9,0d805a2f,3235514e,a626edfe,e3aad699,0d5e6aae
475,5f55057b,c5aa325e,9167bdeb,95e7a2d4,42a0bb87,ddcf3152,13ebc094,66146b7d,f2d98a90,b8d6b038,4288fcef,610520d0,91d50a8f,098ba2c6,909965f2,f76880c7,8dce73b4,e6749228,ef8c7ba4,b82948b1
476,89a8e3bf,3147985b,92d163c4,f3305f72,77f60915,3e73833f,bc0be1ed,c0de3ad6,48bc8fdc,aa944e44,384d616f,7fb80c48,3d12dde7,c9c869fb,90f3feca,b5cec317,a4dd6e11,39b35742,f2c87dcc,2fcf35f1
477,19469f8e,af5a8b45,57731aa6,e2cac915,3b123074,fefa6a3c,9de66761,1d6bbc97,a518d3a9,973c777e,1a01f827,382c6541,2c970625,28c5b871,2212abce,91270a10,ae7e1fbb,9d669850,d570dc12,b76131d7
478,9f6a6c6b,859143f8,0533f691,d8c6d6f5,396b410b,cbc370f7,6fc9dff1,bb73bc15,a61d6529,df0914bf,ede36e07,cc01def9,fffd7b8b,7c680ab2,d3309614,0b448c4c,594fde58,b1f3a33a,029f8023,87601f8b
479,5a97c875,80327047,08ba10ed,0e82ebf1,a9ca83da,5674ccb1,3d85743f,139d980f,192fc58f,a3fbaa21,71871922,a615f777,1426faea,cc36e71a,9d33ca00,4eaf77b9,da876a0a,10220336,dc28de47,77efa831
480,8aa03830,8f73212d,0acd02e7,ea8d1b1e,87ec3ced,39d51695,4f2cbae0,ea4838fb,b9256bf1,3a448e15,7bf554c8,dfc5011d,92f9a8df,8056f5fe,c8db67d9,2dda3f6a,634b657d,bebb1348,b07f010e,04671371
481,2113c6b6,6e47249a,97e40153,fff6fc81,e385a75b,7bcf93f2,3b0895ce,3bdfea7d,060f3560,fcd72537,45f232ba,acdd2e4d,b3de86d3,9e4f477f,1167f26e,f12402eb,ba95e158,d5878d5a,96460bd1,5a8d8da4
482,6ca520a1,70716256,160e8a90,0b5eb8cf,57205410,50a24ebb,d59aac25,b1a3edf4,5c1629f3,02f21e68,d268d4be,f9f76800,4c42528b,212599ac,46708fd2,8ae88b47,0c645719,041c9823,835de318,300424f4
483,522ef09e,2b029cec,c7b09bbd,3cab37d3,f75cd5b1,9f419ad5,b4955136,46baea75,10e6a448,3e9036c8,5e1152ea,40bf1d63,7c7c0c4b,875e2904,c371b51e,bf66b40d,108485e4,f1f7cf22,15e62db9,26c28652
484,6a29ca7c,c523196d,9c4cac84,4e00171f,50bd2610,b8ed28a5,558853f2,8e035865,860613d7,a7d29475,9d6247a5,3f4d7b8f,d72197b1,0e504194,10eee78b,4b585d71,dd4dc7aa,8161e498,e7b662d0,7eee6505
485,3c99747e,3f395227,8ea92204,68fa86e6,35fee6ce,1a3c5d50,55e2a727,7730fe6f,23c00377,c819a7a3,5bfdad22,30493b73,6e7a4439,273762b4,99c6c9db,2fc2f238,68abfbf7,2d9181e2,4eed2024,f993b831
486,e6ea5023,89e42f58,b798ad37,eac9e671,609bd6ff,b4b3339b,3a020fba,139e1d63,8cc810fb,823258d3,e36a8bf8,2abdd69b,393566de,fa9602c1,c52bc885,44fa16d0,2a4707ca,ab09292b,6d677429,493a3822
487,4892b625,c6c6923c,2b2d7f91,c39865ad,c1770b63,5eb45460,46d8b3ab,f834b1f0,55336a2b,b3e1a32c,24d7eb0e,398c62d4,c3b49fbc,44e2a982,0b97b3f7,5a16641e,f3d1f587,7d90fa5d,b33dd846,e3b66020
488,4c804f2c,d714add3,1dcc87d9,cd0a96a5,ebd4056a,997a30d1,cdfdcd74,3c9fc5cd,a581aedc,f252ff11,e464e7d5,908aa3e5,8a613e2b,535f7131,6c7f0313,ba8a0a43,71b40889,dc6d17eb,75a8be58,f702e1ca
489,d16ba1e1,b1103e29,c3d85c08,29278a6a,af6bbd3a,381f70c8,d9fad6a4,e03a8fb1,7021ace3,14ee2197,ce7e1b9a,6cf5e472,0f65a835,16f5ac84,7cd156b4,6d5220f6,42e6b301,8ded9dcf,8650aaa9,41beb8c1
490,a5a17762,1aeeb056,8750285f,284f773d,c65091b3,88e1a70d,1ca98989,36bb678c,30307053,42e36fe3,28cded75,9122e95c,f70d92a9,62db9a7c,eeda5073,4025f7c0,d173fc3f,7ef29586,3043fbca,23715442
491,5796e5c8,e1516ffb,f48452ca,3337497d,9603f63b,92e1fc5f,b13ca3b1,bb7b7e6d,05ac00ff,167e9705,9170538f,a10a57af,b347a985,097395fd,da04dbe4,45d486ba,8fc00be1,3f35f3c4,4331d779,fe23dd81
492,3be3b1a1,d04a3e05,82ba8eec,7ead87bc,90c47b90,97ac76e7,7db4ecf4,fc2e4db5,01537170,3ce3907a,4c0e9abd,44ddc374,04b16c39,8828996b,5e07f0fb,272c981b,103524d5,3373af2c,7b22afeb,6693ee01
493,88352767,b0bcfdb6,c6851589,9d0dcb30,cecc81f7,6e4d43e0,b4a22c5d,8ba76dec,9843d943,509263b9,985a7c28,d1256a9f,f5c2e058,9175f705,f376f8b2,b9151f4e,1a8e77b6,6c188394,95b408d2,7bcc34b3
494,d3e0aeea,47e0fe86,6045f569,6916b884,7d0422d3,cc95e5b1,291f98f1,db0559f7,7ff98e8f,3e538be6,0aefc7f7,52b0c24d,81524e4f,9ca794aa,a551e1e9,c4c36027,37bd6bae,ca9e9f0c,f71508d9,a4cac7dd
495,50455c88,6a02e7e0,82594101,7d2f8042,76016170,770cbbf4,dd4ae95f,97acd4b8,75a4d77c,fc5d136e,8035cd5f,f777eb98,df66d656,6989f650,4f1e26a9,bac5f13f,a63a5364,3ec1af20,723139b4,ac17366e
496,64cd6064,0638a9a8,cb970c93,fb480dfa,b8cb25a6,508bafe8,c7a5fd41,5b4961cd,c66fa81a,56f6b21f,5f512000,9083cfb7,0a1f4a20,ed4f8237,67bd0b43,3f521270,f9fe28b7,e64cb9d9,a65926ea,ed75420b
497,0f1d7682,e1684bfb,98a5b929,e23121a1,b693c0fc,b84bd3e6,043db426,943f90d3,c7a12d09,4d725246,d94fafdd,a1347304,6973dcdd,ef1af517,0f6c4719,a0f18be5,8f84b619,fd6cedf3,1fdd8e9f,08918f95
498,dd0a53ef,42497f2a,e49cd93a,0fb1e299,0bd13bc0,4a03cf12,7f271815,0e8f9322,070d8631,402b771c,a5095230,cc9905c8,dfbe1994,9b1329dd,fc334b12,8ca4fab2,16506e44,ce52547a,db535722,97553332
499,e81dc715,d2bf375d,7d8e3342,e2d39368,87586721,def20803,ef0fe1ad,c920e421,8499eb4f,feeec9e7,2b070de7,77baa7cd,ddaea267,02be7afe,64bf3cfd,f258f522,f51671a6,0e2e2789,3cb010bc,b4a2fc87
