emp_id,b_data_1,b_data_2,b_data_3,b_data_4,b_data_5,b_data_6,b_data_7,b_data_8,b_data_9,b_data_10,b_data_11,b_data_12,b_data_13,b_data_14,b_data_15,b_data_16,b_data_17,b_data_18,b_data_19,b_data_20
1,98dc1194,a94bc2f8,3946a2b6,f6604ade,0e1cbf88,a05e7493,e5057e41,146a4bdc,514c2167,00c4be89,69f9c054,ddf91ed7,5f537571,35c52997,c9bca0bd,aa794a11,9e345296,a2db5eff,4c429ee0,cbdbad01
2,c6607168,e909aa8e,2fb2261d,7a809b62,18e49e6f,25de1c51,bbe29bf3,1c916d20,2fb70582,dc6378cc,73ffe7ce,9584c490,88bc3d46,c2fa4fd2,cfc612c9,234b7311,5f8963a8,e4764c6b,7f386506,27c792ee
3,1eb96af7,d757f86e,974fc9e1,7f30c8c4,3a24c9ed,6ee2476c,51a92939,f8749317,30433652,2f336a93,725b3ae7,94a97334,e2af6d5f,3dd094da,871ba008,5e9c9275,61bb995d,7ede7a2c,8d2c3efb,864a4db0
4,cb584e40,71e07915,88cb9f0d,37ccfe66,1b1d0fa5,1a0b3974,a1090a6d,30bc04f3,4aab1a81,86af1023,614e6606,5e966ff1,81a44df5,e61ef28f,3d64b2ba,da60bd86,8dfb949f,08b1c1e4,04d0da56,f0badbed
5,e0cc1ab3,596da94f,139f54ed,1bc2fae6,c275b352,27f10bd2,8977d42d,0e6a946f,9dc3a676,f06a3608,8e0a43c3,8ae56112,77e73777,3476b5f6,36da0aca,c2213464,d25527b1,98e9ae66,290490b3,870472c3
6,1566a2e3,2a73df48,6837a6ac,6c378acc,f39fae1d,45907c15,13171db2,4d49c12e,b4ca3f1f,ec827e7c,40ebde74,20169809,fca77a80,4889a3ac,68b330bd,49a7c604,6b13d7dd,c1437f6a,b323b7bf,4abf700f
7,4ab46f80,3d513d0b,c55cc0c4,d1260e65,22c0a46b,563f6030,2a86d4b4,fe6ef570,05c26fe7,7d8db09e,154fe0e5,723e76f6,8c686fb2,99ced534,227f9b99,de59202a,95aba67c,3425907a,1d44e9af,d2499890
8,b54976ab,d8f5a860,59b5c3f8,27ac55d7,8322de58,99ed7c12,f02a41ad,f8ac7089,91b1864b,a12f6d13,df2d6ad9,8516c67f,fb0f635c,620462c8,f942b43c,96c961e8,e42710c2,6bb70fd2,158642bc,ecbfd355
9,379acd0e,c0d7ec58,69e9a079,4e8093fa,41726f61,5727d53e,7e2d596d,9f1a88dc,07a18b35,5fbb38e1,445cb1dc,87e4ddfa,7c9dc390,4ff9102b,fbdd72dc,cea9e332,ba9337b2,fb6114db,fa408b92,c06af011
10,e3a320e5,e6850c4e,52a57f37,49daf613,8862db19,7db3540e,b2da40ca,87b47d1b,a73f3ec8,61b5a23b,aac82a8d,d804a625,ebddf40f,23404a5a,6c4dfc82,f069430c,e289a7ec,a3bd363d,56e9699e,32c8c36b
11,ddda4dd8,dcc545e0,1d3b40b0,e1729f74,cd1c1368,18211e9f,12b4e92d,25ed7854,bbb40a42,9d53f41d,c14a7dcd,256b2138,2a674214,0d4a06ad,2d8a0b59,ebdcad6a,ef33d176,ed6e7267,45b1172d,831b8e50
12,1d1dd171,664ba2ab,0fe12d31,1d09c2a9,adfc2c48,35f80b1d,91e3e828,fb769c4c,351fc41c,c662f46f,a773514d,063bb151,e7128d76,e7cc9db6,164632f5,9a186448,69afa7a9,cb3e80d1,fc8fb48a,8c99c1b7
13,60a4cac6,fcca5d4d,841f8ae5,bffca398,9a09fe63,ceef7a3a,4e1d31ae,2f04c444,8c01780a,fe335ed9,3aef34e7,1fbc0b26,dcc8af68,e035698b,462ef6f7,7bc317c9,737406c4,de4dcbd9,8bf9480f,93e7d003
14,95e505b2,b002f5ba,b3fa8bb7,3f496be4,b97410d7,86aeaf56,312a4ecc,3e062e24,6e443731,858437aa,21650d88,52c2ea6d,490e648e,9b6fdeb5,a84dca30,0a52a5d3,713a5e10,9df8a8cb,9446cbbd,fdb94efc
15,737b44a6,a2b4d6e5,a7291046,e4554bbd,78627fdd,c03c0bae,7a30ba3c,928be7e6,89fd7db6,cba915ec,616594a6,2eb7fad7,b09689a5,6b61e8c4,e27e41d4,e69c8b85,3869d81c,77ba8aae,6ed31422,28dea8b1
16,dc9e5ebf,3f0a5ce2,7db39ea7,e79e89e9,0662377c,5e612af4,337edf2c,a91c104f,00ef155a,45fa230c,f892e242,dc3d5c48,e20e4337,c38c14a9,b5e6e8c2,1a3df0c4,a1a67172,687fc4f2,e7c884c3,38f88678
17,788d572c,e07abeab,bf9820b3,500f1ae0,1eb053ff,8a7d12eb,83c387b2,9d8a2f82,e9d34741,e4ef4a43,2df3de85,a30362e7,d17e3b8a,0642bdf9,b308e3b5,a15d6b00,7868bda3,660365ab,32e7fc3e,4f25780d
18,d6bbe9c0,f25e0d10,deb7faf6,4dd74cdf,002d0eb4,8698ca27,58e313c0,1fbaf261,2349cd4d,336cc7d1,4e9d9d5a,d83690ad,a5b78fc4,4bd3b05a,a05f95bb,42155176,095c92f0,f7eeeb32,260d7d95,b86e5d64
19,9b5ce5fa,acb5044c,cfdc1aed,f2364741,6bab080f,597fb1d1,f7c4fa6f,408f8d1a,74505217,b509fc32,76217e0a,de9351a1,2436e6e0,0773880c,c89920cc,d58b60f2,55d7b70e,eeca5b1f,27fbc734,82b5636a
20,eb506fa7,b6f6300a,f95962d0,4bce75a0,8d95ee73,f7ba677c,9652563a,77c1f4a8,2018dade,48b92329,447f2e13,d0fe7189,fbd3da8d,eff6fc10,aecc223f,a79cb1f6,bbc8e273,ac12d158,c90c6a5a,5d3185c7
21,42618e6c,d65eb321,54514c89,dd59502b,691136e2,5a45b6bf,e2e16716,3430dbb2,b97dd440,b66a617c,f388f6d4,8fd14c01,c098916f,beb1176c,c107bb6a,d9ba35a0,5707389a,575c1b75,02e47629,1718c452
22,12d92677,4c850155,5335a578,640644b4,d6220420,8af0b92d,84ddd621,6f4964a4,fe598792,e64d4f64,39f29ffe,0d9c85c0,e8ec7382,6b1cef5a,46263d35,f2813f1d,e9f67caa,22722252,dbf22688,06c21640
23,3a73b15b,dbb29418,476861eb,79278b33,a1156452,eace03a6,c79f0e89,709d3bf9,5b4c2617,27e1b8ba,22e06d7a,49e3e257,2408501f,e297f26a,f1d349c4,9763fe8a,7c264dcb,adb121ff,1a6155e8,85d97d81
24,35fa61b0,1a4096be,7113d284,c2abbc2f,8e1f0ae4,6ce17fa9,f36fa39e,8149215f,15c46382,f669963d,00ccee6c,916ceede,6e5c72b6,df2c9cd8,ee109543,c4737ac8,c70a6dd3,0053e079,99f28142,69f39de8
25,ad8a9ac0,6ca2417d,a65a49fc,7bb6321b,5c1ddb50,85621c58,bfbaa329,2095cf5e,5fb57f8f,03ec9bf0,24699c6d,c0cf1b9e,4fe3e253,4544c2bd,985e9cf0,989677d6,5a0b078a,f45912f0,3aaa0cfc,af85ab81
26,a3654cfe,81de3509,e2788bf1,4ee58c02,26b6aa73,3588b0e5,53f89d30,1cfccb6a,b3d381e4,bbed6b6f,5891acc8,2fe795db,be1a8bc3,33aa5bfd,d9abf6cf,e502614a,89e91aca,a8e0e3c2,7e7ade5a,7e74d825
27,3908da4e,590aa6d5,f8606811,d7a5e7cf,5b0fe97a,03eca8bd,cd77fcc3,39b3f2dd,11baff4b,72d078c8,f8d886f0,7a6715de,9dde5dec,33430c6c,95795bc5,d170ef15,f9dda6f9,9861cb52,d3ef4539,5cfc507d
28,93f70211,9b7ef1f2,b935d945,2aff6db9,a61c21bb,7d7dcf24,166ed41b,398adbed,b388db73,a4c23c9d,ceaef6b0,fbe41c67,3c9a3641,b44ff1c1,816eb851,2f221c0c,13b214eb,4a37ad8c,7b1658ac,c8fc6a2e
29,b4886de3,f1b0b7b4,19a2f399,a87c4a20,554a8a9f,89d6eea3,3fcc6a64,0cd02837,a7fcb9a7,d425e673,65114e94,828ccebe,7d8fd881,0b0278bd,b8b4b1fb,2a3ff14d,f954758c,be0ce345,b1f4e38c,24feb139
30,ca5ac631,acc0cde2,205bdb5f,8b0b0d21,5d0f32e7,5197d8bf,f4193637,004b7220,7eb43a2f,3b89d18d,77cada24,f1347b8a,17f3d4f1,f28130e6,420a7040,8d691e7f,90985fd7,e9f0b1f7,cd2c7c41,76cf5f72
31,8036fc0c,e9509ee2,0a66612e,b9ca72b7,ab65a221,71c54429,2816bea6,acac8b75,a74cfda7,dfe0a620,2d4dc97f,6d6eb2f1,3fe29864,f6e3a5ec,4820c7a0,d09c69bd,d61a9252,dbdbf509,2a746cf7,d5e83525
32,86ff5d78,70b1789e,a87f2dda,5463de43,e1508d2d,c88629ed,4a85c451,1b77d785,e3927047,d06fe411,7517910b,39536012,cae2f6fc,72f0af6e,59cb6710,f0b9295b,fb69a62d,2b394bf8,5c1bd71c,38f1fba2
33,01c6d3c4,859c16e8,7e28ecc2,76d1517e,eb9c2554,4bdef554,6171c47f,028759bc,b02d933a,3953e35a,08f8ff0d,c45987f5,cf3bb8af,67b72180,fdfe2f67,1151b423,b1b36262,ffdd2b64,0734586c,5ae5d228
34,7cbe8ac4,ac139619,8a0aab8b,1d6caa0b,7d978fd4,6d6d2f90,0e07202b,03728a64,589845fa,850c16fc,7dfdfebb,a354dd36,99319c25,4045af95,9bfe3592,fae963b4,e72260bf,f17bae80,97a7ec5c,7a5f326e
35,4daea64f,c3b747f5,d46f37e6,d62df3b3,ed1811a1,f6bbba67,0f3f2bba,7c947f00,98dc9ead,8960e2eb,164e28e6,8b486e37,e1dc5d5a,1c434284,1a76ad09,ed3a9490,5374a16c,c8f29bb4,b68533da,0b9e68ea
36,0fbdd66c,584c9aac,6cec7ffe,bcfc170d,cd164571,cd261cb0,00b63186,866ba8ca,189fc4c0,18f61eaa,24f70699,f3099014,4fdf5a45,afa50152,6321394b,1ef7d976,4f744bd8,8c8c25e0,bea3f610,9314364f
37,cace8b4c,121fdd77,432eca41,975497ef,08c6e510,078cbfa7,1d18c535,eeea598b,1adf0ffc,840183eb,918b1ad8,78f0b470,54c57ed7,dfd7a3b2,9dcfc7b2,4b41bc57,082e28a7,1d161c29,7d5f9ca1,21c9ce77
38,16264abe,acd8fabf,bffa4713,a72a17ee,a38b45ae,ddf65e8c,d81e5c39,09db1b3b,2297b42f,d6a222c5,f090ebc6,725c38ae,18966a0d,29b5170b,8cddf6bd,79f00d71,70c2979d,5e212775,af8ab186,4a1411e9
39,14a61be8,677023e0,6f1659f2,0c0b43cb,945d4e5b,d6754f56,05e38bb6,6f36eb6a,fe749ccd,76fe9149,4be4e93d,160e8597,45bbe64f,1f3de29d,b224b571,ca8a01bc,c3f13349,102ff7dc,812d4919,1186e717
40,85bba173,8ccd580b,d4297cc6,09a78c46,9a43a80f,82aa92fb,a08157ef,610bb802,b35adcfd,5b5440f3,2f5431bf,b0e43405,da18a8b2,74248107,bf991c37,4942e7a0,82fe7a34,36726d35,b9eb7ae7,88bf2885
41,ea13bc73,4b142ff8,d4244980,b53b1c97,43ca31fb,955ac1ec,5fae07bb,763024b3,23337c56,d900c03b,0f944cab,d66b7045,3e1bd3ef,eaaa9b70,1e256b3e,cd9fa287,5261d9ad,4e8c086b,cecc7e24,b6bcf2c0
42,6356ce99,8a0cb63d,4c14ff74,feb4271f,61243812,d64a1fc7,cf58c584,06a11322,5e9b9b63,23ef17cc,25ac4a43,a841170d,be8f926e,4da5eae2,8844135d,f2d5f3a2,4e5e0b91,ee80664e,1e2270bf,284190a5
43,6422b55a,92345fec,363f4a7a,75866723,8970ae19,92886e8b,88e39e60,68f4bf5d,ea513de1,c6116b83,b9d5f87b,a48a4b2e,2df44899,34449d1d,32440260,56173a49,721f805e,67f7641b,c210241d,a029db90
44,3c27f6b8,2692f089,d504ea4c,2a76db0c,c564ddfc,304c6e29,ee3c6309,970a4ea1,9517615f,21b57b17,3739df28,07c5db04,57d19301,bcf5bc68,f01256cf,7bdc5eb9,c84702d4,e1ad35f4,47f73f19,f5f9631b
45,ab2a6564,fe0c5cbe,a2874b92,119979da,1c360687,2117e10e,e2c752f7,1c0c312b,8f86fbd0,30c1cde9,db11a66a,0026e307,f2bcb8c4,409a2c37,83abe023,f95affd1,ed90a045,54acad9a,d1aa65fe,0bda5fe4
46,f52e8f4b,b8b4da4d,6edc41ab,0783e5dd,db665ec7,6a6c0c7f,83e2e293,5e94a5ca,c7604644,a505eb88,f52124ce,72dbb12c,cc42dc77,360591c1,39ebd048,e39df33b,2b336a12,d9331017,283709e3,dfa69af0
47,56b0f229,e88f6a37,6503407b,d6eff088,b2fe2c11,a8a24a0b,c9caa952,32ac5b3d,45f55098,2e20176c,481d6204,ed3bff67,f5493129,6a0fa64c,390293c8,36c8c981,7a61fd98,fc7564e5,88e1ffb8,5ec769c3
48,c9f51287,ea48e89b,f42d3a6e,008af0c9,853f1089,894d07a1,f7a31ee2,023d62c6,fc3bf58a,64605c79,3e277582,18acff7b,6fb8cd6e,8f1b5575,26fd0794,ae80c7f6,45ab6d51,536d5fee,f5a5da56,bfb98630
49,80cd8b8c,1bf11fd4,27099100,8c85bf7a,e0d6ad7d,b4563399,82e2fe7f,a7111a90,1750317a,42e9ebee,9b1b4def,3ad6dd27,cb019304,7c11594e,bdd6b5e6,e3abd449,a1891309,eee257c7,f5b79097,75cd2387
50,43968324,8fcd418d,21e7e688,512d442d,7be11b8f,a0136a76,000af1da,49759ea4,2322443b,5888c4f9,a57bae4d,5514d0cc,bd881844,aba4a1d3,bdde2634,75c37b8f,835ed87f,796d7b3a,4451500a,968a14ec
51,2afd2aec,7dcaf30c,ac02f32a,f93c25b2,7d5a7be1,44e0bf1f,3035ad99,06a893e4,fcc9dc9a,53937409,cf26b5a0,28c428e3,22101ff5,d54f3461,d56cd1e0,7cd5fc80,e036902c,c59f92f5,2f5c9b83,e5ddcd4c
52,e222bd75,7613f6aa,7f4458b5,539ba589,37acf0e2,3ce70c6a,b932b33d,98b4a446,ebc01cf5,de7b032e,59c9447e,75c269cd,2f7703ed,50ada479,3694b224,0cb33ace,ab73e223,e508742f,fd377e45,1f514b8d
53,b1c914ca,79184c0a,e3e1db51,1540c0fa,dea094d9,07fbbc2a,fd73c489,3be86860,013b0dfe,cd8af84d,17bed85c,675bd8a4,308d7a26,2be28fdc,f273c66d,b3509e31,c77d01c4,f8351700,23e88a8e,3192b87e
54,93ba9917,ed4dbd24,7ca581a8,fcba1ee4,5a2cfca5,0e305cc7,f9348242,9566b69c,6d600925,bf353692,36df608e,a6944655,c0e8bb0a,8bd11f91,cf4dd0b5,ab0478e8,918530d1,5c55d635,78f469b1,5154dad9
55,39b965f8,d129b70d,3a8e26e9,ff14d4de,7a10839a,21284b0a,0a98a5cd,20dd93f2,f9722bfd,28e074d8,bc30bae4,669b5d48,7b910112,07e96351,ea33adfd,e109bd2e,44bc1fc7,2e8357d7,c4a668d4,44b479e0
56,e7f36176,1f1a69f7,7f76898d,bccb90ef,d803a012,1df6c6d5,40b9c1af,cfbf17ad,766f7506,87956c47,b3c5e194,f8389b1b,cf0a20d0,c88d908f,9f23069a,32d0fad3,aeda6fb0,c452e8c4,0300b05a,700a0adb
57,84c1cc96,b1738662,f45b7e41,201786c1,65993d91,aa45c053,8c66bf6d,ef485275,37c8c69f,324c270c,421c6a1d,ce3489d5,d43f8a33,8c482464,e49b08ba,e3d443b1,32d0e32d,b64c5eeb,f1aa48bf,9eb3ad91
58,ac31671d,98cde631,cda3b79c,b0064412,af40adf8,9b102fb7,91863351,48180dc9,6c661242,3872db9a,b7a02740,42204f04,282e9546,e6a4acef,7005a880,7949f323,2a5cbcb3,a4124eaf,8d4f5bb0,a2793084
59,002aa43e,a0bedfca,ff46d4b0,dfa64321,78359ad0,4ed5539c,39d09aaa,3d7e432b,40a1e16f,f88ed7c5,116f1de5,e980d4ca,4219f4d8,37fb23f5,fe73bd19,d68d42ab,4a119d98,392ae222,34700d4c,d030abe0
60,31b7a62e,f970ad95,55457380,4675c394,a7c4fe23,bf092ac3,73fb8b9c,c0ed652e,e4ca612f,9e0c6314,4284148b,db23a6af,f47b40e9,82ca33ea,e9bcc444,996a7203,79030435,76e81f74,3cca6f57,e109ef4a
61,deb862c2,c8a967f9,07120953,a6fe4d47,395de665,3ff95f8d,a2104bec,6b0d052b,d5864330,fdb41466,03c75ad3,e89e7d0d,73039773,e7a226f1,27df159d,d1775106,685c17df,2c3aef62,d1c5341e,d71af0b0
62,840f5846,c27b1d0c,c2ed3608,4136613b,f817195e,7d21b688,db425abe,0f31747c,9bdd12cd,6721fa89,fad3b5f0,39b38714,d35fda2d,80f32c63,73964d12,88bc1d85,23516100,fb59b8c0,bc929f7c,18a0729b
63,01ac0981,28df3099,301e0528,791caf6a,bad3303e,d01db806,10ac30ae,8d8e6499,0efc3bbf,efa2db38,fd648525,1fc4ccca,2a06a575,684bb2c9,debcc5b0,cadb8a3b,786a82a3,c921042f,7db5d852,8bb831e3
64,1984d870,47ee4118,306b7027,fba96447,7d6399f7,25b0a12b,54230814,4b0f936a,c12f1a16,842dfff5,a1eb59ae,c68fa58d,b46d7b97,6dd3b5a8,c3ab0da9,da954fe7,67e1789f,f03916eb,c28d95c4,359983d2
65,12693d09,574e1a16,25feb2ea,e78c0479,acaa5481,02fcb9b6,724be24b,82e3bdf4,a39793d7,8fda4e68,ad825892,12c8f6d9,967ce352,ba8e0b43,218172ac,2660f86e,aa2c3c49,688987c7,d44f2cd2,878f09a4
66,76c16ed0,b0d95519,c7d488cc,5d486e30,a3b1dbfd,3a3ebb74,70fb4753,c99ed28c,7ae7905e,8f2b80a6,f9a1e144,e9032d37,479fe3dd,91e04aa0,22808ac7,bb856652,36945a5a,2186f224,3a36f883,b8198e2d
67,b5aca1ef,1aa6686b,20d8b56b,4d590dea,44cc440c,b6be5313,95ae95db,4b93594d,b39422ea,0d885c19,92f68cad,e25dd3d5,869679b0,0eb8cccc,422748c6,2febf50f,c36710f0,9aecb96f,90d2ac6e,1a8fd83b
68,82882e02,92d0f9fd,5ae87daa,d5c8d094,a50f0369,b704af70,ae2990da,ab5583f0,ae63e62b,12392cfc,e687ec69,cd0944d8,8ad1023a,be0cd7eb,ae521f51,269fb7df,e5d7ea2c,58c8af87,63ca6b84,ef87f30d
69,3596add7,92c0dcca,0f568a55,7da550da,7b990807,f2839536,db547646,4b872eb3,940c7df3,26e0490f,9828dc6b,18e5e416,c4c58de0,56461e20,4f9690ff,2b7ff788,bd0716f9,b00ba363,6f1dbbc7,c37ce7dc
70,ffbc7ad0,e0abf629,77bdb90c,9181fb21,0474758b,3d5e02e9,14e7edbc,0574f59d,8b63ed1f,ae9e1acc,afa7f4b7,afd32a16,483de584,6bab4fca,c0e2065e,35530aa5,e01c90e0,6ae3a99b,88041a38,28c402d9
71,2bd5793c,7b834ef5,eb5a625b,66575735,56d677cc,0b92b3c0,dc43e1a2,d4282cc7,6175a017,b6c8041b,e12f9db5,8a0ce771,ede3c589,20b9aeeb,acaad151,8c63c0d8,acaa49f5,ebb8abd8,de2ce0a1,6e2c0d16
72,e39c5ced,8c9fb1ee,bbb76678,df5914da,a801ba57,10e3a85c,7d0ff9a5,6fa5fcb8,e473b497,affe2613,4194b4fd,3eaf16de,ea51e34c,266eb183,2307e3bb,34666f85,48182616,df174998,ad6588eb,50061f9b
73,2513c03e,85f20533,8b60583a,e140a984,05ea2bb8,25a27c6b,80fd2977,01d6896a,969b5449,eab73399,f5c39bb0,6824219c,a1462b64,c8d28147,31b1ea95,c63cb3f1,e5fb33e8,504c5c8d,ca4a31a4,71e090e4
74,148ba4ba,9f78b892,727e5eac,e0fdd443,89781a30,73fdc0d2,de2a2828,63ecc809,d7212f29,eb5b3740,e7903071,1ef28564,75fdd910,8515cf78,dd4807cf,e212d280,95b58c3e,468cc54e,3242fad3,ba361b85
75,f287e050,10a54055,2831ae3d,561e85fb,714cd287,4ca5a976,89654836,4c497698,b394c31a,2541c809,11e2c68b,ee852136,3942c1cd,6e135bc3,7748b630,7473933b,e093fa35,f1524ab1,2989101d,72aabf4a
76,8d3b344e,5771044c,f22da2c3,3f16c015,983f7cba,35815bbc,981611f5,1bef25e6,cd948a7b,d93295e4,576ca783,3432ce78,a5f2fbb7,ae324a6d,74097ee3,e42aa7f7,1084a3f8,95a0c641,7b925602,7f09c11b
77,f987f1b5,fa95d723,2e502d6d,c3e21ee4,9fdde78e,169b3ebd,183b7181,3308b248,76a476a0,43f1d585,16fc7843,53587c75,6340383e,c93f8761,96f52956,c4dfcd48,10707ee1,2549c53b,cdcbd359,d91c40dd
78,db03f5f5,1e1de12e,7c182a2a,a219bd32,abec57fd,24672b3d,2fed0e70,18d197c8,f97568c9,b746cabf,e5f64ce7,20931b61,2f06ccc3,8df91ce9,b193ef2e,2b1c6724,0383bcca,f710378f,a87beece,14c5f141
79,9e689315,b8abf7b4,c3ea423c,544d4559,5e84a4a2,7c75704f,64c1d6eb,01efcb1d,6338a31b,089dfd34,b43dbf29,a5bf671f,eb1fe5a9,a907dca5,8eef48a6,3548fcdf,a55cfbb9,2f1719a3,ed6ece15,6ec71fbb
80,92e49ba8,66c2ca79,ee0e32fa,05df41dd,7863dda0,20082a30,8729e8e2,c033a670,2c602097,388ff29e,62c88b47,4c3f8b33,01c923bf,3ee2be00,58e4c768,f7c8fdfd,38c421ce,60792b5b,02bc3e01,ff68f9e7
81,92251b3c,98b4561a,680da1c6,45266916,ffcadcbd,7df5551f,e2100916,4f88bf7b,0217bc18,a448545d,745881f2,6d0ec725,5c25d1c3,fe36284e,4651d4e4,bd2a8616,898e8009,a9f53888,649a6752,230ca671
82,cacf4587,ff470fa9,78cd0c83,454e9db9,18b38bff,4af37271,74a0d594,9032b8a8,3a033cc1,8c9c57dc,0d99e61d,a6dddd66,3fb4faa8,3bebd829,c1991239,209b4ceb,4a38d4c1,4d697a7d,b89a3a60,6b25e27b
83,f75fc0cc,0dacc980,e72dad5d,7a74eb7c,40b92578,85927388,22128402,da9d157b,e46c90ab,06b1c497,ed3dbff5,8b1f9a07,4616d11a,37019ae2,8cd16bf5,491faa5a,6bf0ddf2,4c6ac08a,c6dc0346,87da2e6f
84,da65a821,8fb8a6fb,903db6a9,4b916b9c,9f820bd6,cf9b857c,71bf57f4,c9035865,9539d3e0,1552df2e,7b12746c,e01c9677,f5529468,7594df92,c551c7c7,da7e44c7,d012e59b,e542bd84,fc558987,ae191fdd
85,92ba239c,2fa8632d,b5c611e6,8c070ca5,a42f0bc5,bf53c4ae,fd7749c0,21315b52,76e29a2f,bb1c7b14,e07d7a9c,faed6dfb,e94d7c56,5d5169e5,7e823df8,bd0b2960,f513d777,ecd66176,b8fb9584,fca1c904
86,64c4d599,8a6d29bb,0bbb2d25,39aac2d1,799bd391,64e11491,d183edcf,286b18a3,805ede6d,8f9a6b09,40d58bf7,710a0609,90cdebf0,b803146b,798750db,3e972875,a7fb5858,347b4c35,bfd6afd3,87adff22
87,14ff620f,a809c215,3b10f5d9,44e6d641,de3475ad,cd354362,d121a7ae,3ec28c39,ba8e6e6e,abc76b76,93589e70,eaa4f1a8,f49513b0,6d8460c4,dc3c32ae,4a724e61,2824eb71,65d02575,697ba30d,45a24f07
88,1d58cfb1,846be7ae,b8fadbdf,4724100b,7fecf43b,71ef48db,1b923161,94475d66,b491de08,8bda9a24,60fb7ed1,1c4063d3,bd30d509,76ac227a,eefaf44f,6a56404a,d4df83a8,b7724242,81185b3b,4a264cd3
89,fbe8186c,f0562bd3,ba2d8300,ff177a3b,60541775,e9d8978b,36d75420,f65e398e,24157108,f19fcc68,5136573c,961d3688,48a3451b,28ce6c27,dc4e9eb7,0b47feaa,8d5a9c9f,53c2c919,0c666434,19c4d334
90,5f739038,58aa190f,7045df76,97874740,23b4046a,663f7afc,b1f07a43,9be1c703,6ec00acc,64ec4acb,11ed1364,fe88ba78,74bf3172,d47660c3,f333a9c3,2090c4f2,2fa8c845,1e3b76d6,fe57a301,6beae2aa
91,6e5fa9a0,7e1b9bcd,a38be6d3,f976d47c,3ff4d8dd,0ab61f0d,19a5f69c,21f231ba,969d868d,44e4702a,f1a31fa6,73818bd2,33b4bf6d,f4fb4532,66a2abb2,2f482522,a6b570ef,fcbc8ada,d59435e6,75d66157
92,63516354,f80470ae,11f2d1e6,90c9d66d,c9a82276,a1ee0a77,33763bb5,7e4b1718,c70e07de,88d389bd,2f2aba00,47127f27,5229ed88,22fa8ad5,5cd52b80,ddeef362,00d66ecc,7565d99b,df80c964,14a7640b
93,30e2912d,43738d9a,b9f86fb4,53cd3e0e,d5db6c1b,b6296acd,1cee1dbd,758d8ae9,15d498c1,b2c6c618,7c5aebf6,84151d52,c2a43939,4eb3253d,c14c0bd9,a0caf893,81d776d8,c6b69e28,b8123e8f,c886ce32
94,f6df9462,a618ace1,87f7b757,2cb89aac,ff2a430e,926496bb,d5f17867,bfa196cb,30b9951b,dd03d6a8,d5ff8111,3a4cf855,65d2ed13,4713c8fe,f3a8bb00,cf6ff632,caf72a1f,adf5d62a,957d37b6,efb33f81
95,a53f3f6c,0c5d780f,dde60538,09661e72,ae355582,5f539304,b73f3616,4567fd48,d5f69718,78389e14,da6a71e4,3cc8e71c,948f2658,860698f5,8d86af32,49126e7a,36e3eb7b,14c02d3a,3859d663,522cce36
96,c66e5551,76935bb3,729e86f6,d4baa4b4,35033e42,133fb240,62f7c6b3,6e3b4159,a51bc12c,2978389f,e7b9fcc2,11e235e3,4304d3fe,f96a0956,4b962df4,aa2fd7e9,fe0274d3,6b4cd886,90db49b3,8222f06f
97,5c28bbb2,05b96d00,017f2e9f,e77a7f72,58765755,527ee68f,64e7c696,aa623554,1ac1004b,3c6eb131,c4641f38,1cca2c23,39317213,c9801ab0,83205fd1,9dbe1b41,271ff32a,cfbe3051,671e9cda,aea8fcd6
98,e8b7da68,6a9164a1,c7a4ae08,6288408a,0cafcda2,0bcaa017,e9099f9b,520e23cb,d8ca94d9,e2a8fe2f,7f0572b1,dee840be,8d1fbe24,1cd36948,a8a87478,0ebd7d67,b4dd9aed,770a8a0c,2ca188b3,cf58d899
99,9e9b0eb8,0133298a,e8c0cbb1,dc0e1642,aad04bcd,54007b94,be399d11,f2586b77,ac4d270c,76266f9a,4dea186c,fb4c0d57,ede92cad,cfe8f7da,6be18242,093024da,d94ea4d7,2c1ae7cd,cd63c299,97e2ed38
100,7c781c2e,f567ae9a,8b3f6fd2,1f56c09f,afa9b261,50578964,0da9f8ad,7de56e9c,886bc58b,96b4b139,475c129d,f576d38a,aff9931a,57351b80,0034e1de,4f854656,dbf9e650,6224fd64,9571c753,b9b47a68
101,855133b0,f8d03246,8e2b3402,a49b3c2e,c18256c9,9ca2adf7,cbb2102d,6e735c6e,7fe27948,ae6528ff,9247502d,83d98ac1,a1ce1573,6f13a3ef,9e0a7c26,846fa7df,51686559,72b1dc1a,ff93d681,20dca5c2
102,014d9687,fa901704,e83689d1,d8d2a2a7,9b948791,8ef73683,6dfe3017,ba1ffbf2,1d37b198,9c581422,cc3aea05,ee4e976e,a0fc90a5,417aaf5d,269551df,1ce29bce,1f0f17b6,ad1e25b5,75ac5f5d,2e26951f
103,50ef5caa,9862e8d3,1f4a31e4,9ca8e382,0fbdd03a,45dbf44f,0b940d70,75f6905b,ad891378,153cf938,88616c8d,884e6a02,1d017ec7,6a509e76,ea1594ed,475966d8,f3576399,69737cbf,864cf29b,58003f0f
104,fe54bb9a,03b490e4,369db7f6,23a9d216,a0c15c61,0cba73ff,a46e0b44,af3e0e18,0b4549bf,610e9567,b1f1c986,9ca3fd93,c774dad8,993a29bd,b7c44c53,7714986c,9f510435,a8248ee7,ba5d2a88,f66e3220
105,edf3497d,90f7cd4c,252ebbd9,d80961c1,e28cb80f,934a5b03,f27725bb,91de7f1a,33dc5e93,d6dc03fd,6a294800,c98d3ca8,5b14e39d,a9b0bf9e,f5c11766,34c39b61,9e18387f,d42aab05,56eca846,02a3f7ad
106,ec472e1e,c0b93727,c62f152e,b5db4503,1b534b10,70a81b0c,ee9b675d,b57df3bb,c5b0d15f,45cd6841,62d88182,c04ba898,5211e0b1,59dd075e,c483a46c,0b5d8782,6d4fea45,c7634eef,601b2a58,5bb27d59
107,97711a64,1a8f60ab,ec96dc14,31db328b,3ed19a6e,caf83f30,da41b51a,cd88a36a,2489d199,adf1222f,6391596a,d85925fd,9c61c7bd,4a36b83d,4c6a843a,cd1f238f,0d01e0d5,814e0702,e65ffc41,8038b080
108,b0d7d5bf,d0ac1f12,94822780,1859df49,ef2c7ff1,5d66a4ed,e9767035,820a8fbe,3fd8e18c,19ca994d,99620895,5bfce0d6,b87ddc20,ee26c4a1,0ee2d917,82e45b40,2230b39b,5f85e6a8,97fe02e2,40e097eb
109,2057e315,8f40e050,daf7ef52,584d0f08,dfdc27da,4696aa92,847ff8c5,a9532022,7c74668f,2946261e,c8dfbedb,16b0154e,73be19e3,6b3bf267,d990120c,948f922a,5dc6aad1,d47fd845,c158c98d,84218985
110,d1a51bc5,b0d779af,255bcb0c,be85bad8,6142b9e9,13f473fb,15c51476,58b15ef0,122a8281,ef04fd6a,cc59d8b5,9fd5e356,b033fee7,7bdcb6e2,2a696fef,0706099f,f3a88824,60d67d41,a583899c,dcef1bbf
111,1c7a5dcb,6abdaba4,20e6cbab,7e9ce6de,fa52bd28,f5b57cab,75951015,668e7356,61eb7ddc,79b8410f,aefe8996,764026fa,43b01524,43caef31,b2a2d886,d10ee502,18a9d5ce,8b629f61,a56d8889,72f44370
112,4830d126,ef36d531,43734979,47204734,755d9ae9,59709589,f6c8ef1f,6963367c,92cf5d7b,5daa0d08,638a3699,2d86255e,cee7dcda,29af36ce,dbf78ec0,6d478b4d,c802404f,c98414ee,2f6d5864,02df9e12
113,791aaaed,d9a4bf58,d228e4b8,9d051655,087b96d0,0860bbac,df0abfea,3cb7ed71,49444e2d,97433866,dcdb4901,fe45013d,2db75284,bd190ff5,f8941d21,c65e8890,d58508a9,9ecc2eae,9544f3d4,5ea7fa02
114,511a9493,b1721583,a9513a3c,63ad6d68,912275d7,cf2a2ae4,186bda43,28773669,6176cf7a,540f26bd,e37c73e2,72a424f8,246e8b22,1c13d921,4f3d0849,fa74b880,56b71b1d,2b25c7fe,289639e8,ddbc54ea
115,3d904b81,a24e68ba,72f9095b,0442d07d,2ee3c36b,8c435f7e,cb78b569,91b01742,2839e5b2,f6d43556,7c4225ab,c7f2677a,8e0557ba,9b9f4f37,a5d7c1c1,d4992673,fabd829f,da53717a,54d79d2d,826d192b
116,4adbf40c,46a1edcf,67bc67ad,9ced15e3,b6c6f070,787ddbd8,9dbcbd09,1a211f80,b7c504ac,c497acbc,d476285f,6070e864,bbe78e23,dcccbe2a,4d97684b,f6ca7cce,892b4b2a,f2f459c8,a00c8779,c5c75d0f
117,216dca73,dcea5673,563bb24c,d109b0b3,6ed40c32,4d37c495,683ce916,c13360a3,41b7cbe3,26e9edc6,d34f7dd4,e24c0511,32edbdbd,028d62b5,97590510,bb874c42,c005352e,15f44617,53fa91eb,999f567b
118,c7f1a47e,d90f442e,cfcb9494,5e8925be,1751d542,bf4a9834,d9d6fe21,3f14fa4a,e6706ef7,38e28c80,38a716ed,0a0c0de0,5238d805,307d9d2e,1339f141,a702c07f,c6e84d29,a50da4dd,cadad1b8,63c5a3f4
119,3a1f995a,db8fd4e7,f67f0c0e,41453d02,6799be5b,e62a8a61,ffba0087,2e37ed70,62f32c69,877928d4,490e2fd6,1f744e8d,f97e8531,833454d6,4e93469f,862cb795,9672ad70,70b3bae3,4a4d40d9,451ced2b
120,7b54db03,995cfdee,5549893c,120a44c9,c75044fb,6998dfd2,ee1165e7,6a697d8d,d7308df0,91d20acc,8e1a925e,124fc447,70b5f4ab,43ce51bf,f0ec0f03,452edc3e,54c21199,0e478245,ce4713d0,db67aee1
121,0171db12,caa2d782,063fe78e,a92e0c5c,86cfc807,ee47d8f5,81510811,b1aaee12,9ad98a8e,e1ae36a1,5fb7b5f0,b8e48ab3,17c471d5,272614a0,28a7f114,474141ae,bb5922a0,d452ec7e,c3b9de32,bb598099
122,388fe603,3123e7c3,4f3e2623,a986920d,87c5eee3,4768a86f,a07133f4,cf6999b0,b3cadb6c,16a9ae79,8cb3721e,64b4886b,24b8c99c,6812fb91,2a9b3d1a,2fa9aa61,9134ce14,1377d24f,f6f0f037,bc96397f
123,25c510a1,5d6be468,7b0250bc,17222dc2,cc6646cf,c67ae03c,aab1def6,d4ec3938,712ca1f5,3ce6210b,a0932175,cec2adf7,6c066db2,0bf2e538,9120c040,4cb262b0,d756345b,eb911e04,9597fdf6,c5708b21
124,a81fa010,0ee93699,c7c63050,75abde13,292bcec5,53d6fefe,de322260,a7003a8d,bd9c71b4,50a3c596,a1a5d66a,d15e81ac,7431f07c,3e961163,182b6e5c,25d4cd92,61ec37f5,e0855e55,eb793586,1e7ee1ba
125,b5ffbd94,c799b84e,96d949b8,d0cc1f06,ce186dce,6ebc9988,56924ee9,9c254d79,b946098a,a0b08199,f5c9bfac,f0fcbf69,e207c8c4,a855ce18,345c0b92,dc4f8d38,21d5cb86,6a538afa,84138f46,6fe6df66
126,2df1a796,0d45c139,1e6f3ee6,6292caf2,cf586ce8,249da679,6a60c579,fc088eea,84d08475,4edbc343,8e9d4384,b9b60482,e99644d0,45acd1cc,2bb32525,300e3db6,655e0e65,d0d390b5,0c7b4f3c,77326dd8
127,3a1f5795,e385efad,c54e695e,12ac86b7,75473e88,10409fa7,21778228,9c20a8c7,f299c355,e962f213,c9ba2c2c,931369d0,97b941e3,fb12fb53,89eaedfd,99243771,36887a51,3b128305,5ad6f46b,23490cd4
128,50e2f064,3d71fb61,4d741135,03958295,b9aa4e96,c22e5ba2,08a520ab,6548633e,d03aa0bb,9089ff44,0e29bb88,e3cc8f3d,78bbb9cd,7f77db40,bef99714,6a819b9d,cd78655b,4580482b,05edca83,a50bbf98
129,d0a85ba2,31ffb486,f1ae46ea,964a6a50,8406a5c7,cf53d998,33538920,a68ea4b8,881c191c,1a5cceaf,f363165f,4b187d04,932a53c3,e27b95bd,d27fe0e3,4b5361a0,ead8bb83,aef81040,09bb8279,9adcc9fe
130,1e946799,426f4658,6fc7120a,94ec4a46,634e8043,5562e057,62a81e9b,4811ecd4,7a173b7c,ec0a8683,4377ade7,4c037fd0,92b0c602,49a1bc80,6a45ede8,8df58cb9,eb5062ca,e6de1cb0,d8969fe2,07cd066b
131,017f09c2,0b12048f,9babb6c1,785de37a,8b395028,42b7ae78,6b212e21,e68dc9cb,27ae404e,fe9458cf,f0c4ec2c,cd491df1,3e5a2b3d,3a638d9a,3dcfd005,7f183aff,9d96ec9e,8cb19364,47fa7d89,da4d8390
132,facb8c7e,30046837,ada238e8,490c4954,11fb9214,667d72f1,b5637cf7,79d3b103,bd528060,5e3dbd50,3b4224e1,b662f0e3,9e31178e,e3a17eb8,ef8c809c,d75aeb2b,6462be1e,8acb5bfa,e04f6896,53563d1d
133,1f46c5d4,9ccc22bf,c1c56846,b8756669,d6452389,63ad16b1,484aa71b,f100c7cd,ca059db6,c0c65e9d,09bc5ad5,e4da65e5,28108680,ebbfbb39,72d5f78d,12e25b17,860d810d,63dc0398,f2fd47ef,ef34e154
134,f1689cd8,61c3668b,7cc7a501,af324f9f,1a557e14,0c565d92,d4cd139f,7b2774c3,ea4f95e5,533ef202,39f2f345,525cc86d,45225a23,71cb3c5b,d7c8301c,66e659a6,6eff8c7b,3b9606c1,a192a8ec,fb0b9695
135,88bf180b,deecc613,3fc88822,11ea8974,0b67c036,b73604a4,7f7e3c6e,5a249f24,320971d9,8c93f602,93e0594d,5e508704,831b56ed,479ffabb,6a6de115,bd06a0b1,500c0a66,fa69497a,5f9e5aea,107b8fc2
136,4d6cea67,274e1d17,a7b13893,f85cba11,0d14d772,4e5de32c,2c0f3c77,57113c7f,2b31972c,6322ef19,abf685f2,56cb221e,eb18a9e9,52d5d248,85dc122c,6a4a4ee3,4e69917f,f1258976,4d3ccb35,db75e731
137,488c29b7,643e93e9,ef5bb026,b62501e6,4439fe1f,c1744520,2aa029fa,7a4dcdbe,dfd02aa3,92e618c8,00a8e46f,64bb9694,99bbcc1b,e33f380d,3dca52bd,4c0d10a7,13d6448d,547b6d4e,53c4878c,28c59794
138,d3be5f7b,b40e8f42,cf0d23cf,d8c7cde2,d41c8c74,8e60d1f0,c6550f37,7c54e122,a9ba9d1e,f854d650,280cee48,8bd7a297,bea006b8,ebfe99fe,8268d605,212f7e59,acf68341,0f538c1a,3b1073ee,da2c75de
139,70caa5e1,cad0a228,963c4a5f,015c9c7a,8968d500,0fb140aa,e1966afc,dfccdb7c,5f72000b,198e4e04,0a17aaec,2c160dbb,47ecc545,9cd5bfb9,df869ebf,be01e662,0f3ece24,45635930,d33f676d,ac21735e
140,353ec430,5e44eaad,bb62f66e,a14701cd,4f2051a6,05de3a6e,2802ba26,99377a04,196f020b,df6ae196,88042ea9,50dc2306,813f2b3b,3cc1d8a0,9243fe4d,7f75348f,9194378f,b623fb0c,badb03f9,d42d82e3
141,4299ef3c,789eecf7,d0d195f5,f7f662c1,f5838d5e,7d05cf22,a053d410,54ce063b,2a6d4700,bc4f7fe2,21d9f7bc,cc44413f,d9fcec57,d2f05212,a7d10094,9c91e102,a094f82a,22730ffd,c4fc0661,65e7e11e
142,15b495e9,70a285fe,b242cf82,b72eeabb,b9c4c28c,50c96824,8f30b31d,2c136e41,2ef1e8f9,83859103,9b5590d0,b7d7eabf,1ccf0c8e,85d3e273,a02bba03,f96b1887,30a4d74a,85abe496,441ed96c,1efa74ed
143,3afabca4,6a211643,9f87a676,67f52ae9,24a9fa2a,fb23e52b,cc55ff08,0aab1d6e,fe1fdc92,cc627d80,a9c8ecc6,324e9cea,81cef218,ea9e5649,b56847a4,80a0c27e,abd11d97,9517ac3c,540920e1,152a00f8
144,a9fae6d9,aac76ee5,334745cf,68149379,672c3326,635e16c8,a6a94e2a,ad4467ef,87d16acd,0d63c493,689e2585,7be25c20,1303355f,f344c125,b19f68b2,49f63565,6be3108b,30793120,beaebe3e,72cefd8a
145,54a366cd,c4ee97a4,d68f0a32,af29b82d,403b4939,25421999,6354cc69,52369452,da6997e6,1ec7f973,9b2dcac9,355cd6d9,f5519505,de70ef6b,50a794e6,1d5cb81c,cec3a2a3,7ca2b85d,40ec31ad,5535fad0
146,242a9235,d11f9884,744797a9,a3b43251,91036019,6da3beac,55696f32,4e287799,0726751d,9da7f491,ff0ed1d0,8269732d,98a2a7d4,f9b7265e,4a8f6d8b,be8dc79a,b8549ee3,ea88f175,16f8a2c9,fe50e2b5
147,e67f47c0,c00bb72d,a9f98bd2,9d0ca6f5,ecb8509a,91df3106,a5c4bdc2,94777f4a,5f4e0055,73359800,d5c959d9,d58a2ec2,2538e1ab,1e7eea3f,e95f1d3f,cec3df4f,9529e520,cd75d0d6,6b2429a9,2120c50e
148,03e59a4b,264c511f,07beb2a3,020ae9d2,2813af79,92083c24,0d4cc811,1b6e610d,fdfc4ef0,c5b7fec9,f2d26ce0,f9cb1f0f,1a213c09,d12aebcf,bc3bd757,538f1dfe,b04f83ed,f3d43fd5,7b785909,7daafba0
149,fe653143,10a63f61,5805291f,d36dfd11,7e49f755,4fb7374d,2727fdfd,0ed2e635,d7801f3b,ea2c6d8e,2bb13c5a,8eca431d,03044787,78b0d2fa,21659509,7e5502e2,b240acde,9fee2b3f,f78bfa0e,e2e5c4a3
150,65050b25,5e4ceb79,9ea7726f,9ab0457d,a5c39f4b,146498c0,8201caad,f0c30d85,8c227944,0b324cb4,84759a52,711761a4,27b65108,486c8089,9a88ac72,7a3ea3fe,9bdcfa01,0b68dba8,99202c83,3d01f735
151,1ad2b9a2,d2fa981b,e0ea2e61,bc1db7f9,6dd34ace,0f44f225,3b6b2bbe,224ff4f2,12db9b6e,a331a15a,1e2aedd4,0ba1c94e,bb96c7ce,8e0da9d2,31deb67c,e15face2,86cff19b,4c17123e,5290a1c6,85487560
152,bc204a82,f353da68,9db8a8f6,d80315a6,78c385a0,b5af0437,6168f74b,ba6ff7ae,bab5d18d,6ea5b543,2696a5b2,0112cafc,87f269a3,7685f4c9,57b60308,f0e656f0,05d51ffc,06e4947e,a2e93e82,f63ebe10
153,201a7e04,b0765e2b,98e9307a,255770f9,80d9d85d,4c10507d,4e6127fd,22aa11fd,2fb6ae6a,3470b98c,406180ce,7f05d4d2,09d3f2df,13895dc8,6eddcbd6,b7c9f6a1,a59be060,979e99ab,e3489047,853eeb83
154,46819c3c,6dcaa7d7,2bd95f2d,f71a8b54,9adf9fa8,350229e5,90411acc,38850f0c,ed1b5386,eb129f2f,e1550f86,5f97fc24,d692f995,ed3168b7,1763e1ac,93902e6b,983a7068,b9ed2c35,5d80f812,3b74cac1
155,2890dd8d,db8f1a29,5cde612b,ca366582,228bd1cd,f8e8006d,2e44b125,78a5727a,5b7ce3cc,c4422369,ee69ff9e,e9d44a79,01b5e16a,de3e79d6,aee8481f,3e51f857,770cb66c,d27a7b25,57fdf4b2,e63cb230
156,87fbf8f7,032b3c11,b8dcb7e3,b0a827cb,59718a0d,f408a4af,51cbb785,080f6460,27955426,0681922f,611167c5,b3fc3660,e1e6c8f8,51f2657a,08999173,0a6b60f2,3f2c6155,39d85f08,411fdd60,98802ac4
157,d0ee1116,89630354,6d1c2b3a,d1467b63,89612525,18ad90d6,d761a1b2,96a74ad4,2f019c0c,0169fc43,4679b991,32ec06ef,72fb2700,1682fcd6,7ce58968,7aad8613,06970f48,e9db778a,d6781de5,a4aab04a
158,112529b3,5f81f85b,d234ae85,7da0a531,548bc7f7,a058355e,33ebb2eb,1ff2c296,3d0929a0,59d998d2,db4d0443,b3f8a008,a312bbbb,12f368db,a3a9b7a4,f3055ab5,ff60a572,07307d75,a2765f19,fb994451
159,84360555,a0f8510c,a5ccb85a,52f70148,4c8282df,c1853e4e,53cc6002,0540a2a3,409855fb,4e161c6c,50c5b3a0,c93ee0a5,b1524034,77f510d9,c1d62a53,9afc5271,c631842e,5cdda1a5,9b9cb219,efa2bfe9
160,b0de75e0,124309c0,89885177,df64a27c,3560defc,4bf910ea,f1f3a5d4,6026da55,ff7c93d7,d0d14f14,7e9d8d4b,de5a6dd8,25f1fafa,67fa5e80,822cc72d,423ae606,d990fd96,70cf82ed,789a58ad,2d49b92c
161,a8ca2644,2a6a9813,e740bab9,9b0cc403,56cde1a1,1afadf95,ad651cd1,d30c1353,dc4d5be7,55781522,3783336e,35a65ab1,498ad3ef,09147a5c,937435a1,97ee2963,4722dbf9,e59f130a,3bdf604b,48934dc8
162,0fcf60a2,13916442,8e4e3a4f,6c6a45a5,f29bf5cd,295f8393,95753238,68b53661,09507c66,992afce2,b9469795,008ca0e5,955cb3e5,458fc1f2,4e737ab4,cf2b0de4,2426650e,53c18f61,b7cb1b73,abb955f1
163,4416f742,6708c63b,8654ec4d,42c75e22,00dc53da,d9934cea,d97d8aa6,3321c7c8,8376567e,c203a8b0,5f8f528a,eb33878b,fac9dd55,d2c4eccf,98ed8ed5,c2507f7c,1018d8e8,32560ce0,afcd9793,cd0d7b5b
164,2d7d4b78,d025445e,9ee525ff,56ea3011,87eb6f4c,b3adec50,63d2a358,9a500c86,fb6e04d8,c5a68e4b,e1709579,2c518d0d,fae91f15,f463f1d5,3f5ba496,b06c31ac,dbe10985,ad7db742,84262e2a,88e30852
165,27294dd3,52136041,aa07aa4c,b46d60f6,e6027ac9,49f26aa2,5a6111b1,f54367d1,681ca725,53da9c26,70f50fa6,a598d278,b1275ac0,a6b381d3,cabc1d04,6c09bbb0,28c581fa,3365302e,c3129283,02e84362
166,0d43011d,d2ca19e7,1ee618b1,60f1e44e,a7f588d7,ba20c208,659802a3,ba91bd07,ac815efe,a4429e01,ee0ece14,3bcbefd0,10999714,caa6db1f,534623e8,76828b29,b6973782,30fd455b,1eb4e6c2,146b3179
167,af00c8a3,1e316cdc,0e091e3b,5bcdfecd,f35fc28c,454b0dd3,a81bee17,f44393dc,1a6cf237,866a3278,ba502d6a,8d4cbc59,43452fa0,b88b27f0,647e1d5f,68c90557,f9413282,40337077,c041dd0f,431c709f
168,b5659b46,f50b9605,ec49f98e,350cd8ec,61ede5bc,5c4868e7,13090f03,93376821,3c18b9b9,ac9df95b,754f5aa0,f72bd7ef,545ea6e4,67daf188,b4ac1496,9c9766ea,b6f730c4,d42a70c0,74a3c44e,d5e506dd
169,febe7f4f,296ac20e,1180a106,ed05ae17,c5753f64,127a2803,ad9361f1,e4906bb2,4596c88c,7adcbf9a,c6f1a644,23fb6057,b48d25c2,08eef4b7,a5e1d35d,b68c5571,070d836e,e26ac744,0324c6c9,17c43a47
170,5dfbcfd7,3c145681,9e35370a,26ef7664,4a7fa7b1,7ff3adef,7decef82,2fce51f8,b30d8db7,023c02a7,50c12962,0bff85c4,0102f8c9,fc0f037a,6e4c848d,53945026,aace8ee6,65673eec,2f50b034,409c67ba
171,5f1842ab,87132b9b,131c2ea4,e29fc347,1af737db,6c7a7f51,55a223e4,d18eba7c,58ec2129,2a151111,4695ad4d,f4074f6d,1ba0a11d,46985f6c,b7326bf0,aab8a87d,30361f51,52c906ad,9e7a2ea5,9966d1ac
172,d6860ea4,4c7f8ea7,0669118f,742b2af6,1e6447b4,2e3b760b,5b3c8f3a,2adbd43b,c51ce74a,852648af,e4bf8aa0,86474e83,3d2bfb63,9f513f8e,0ea3b7ed,2e5bbe65,0bce1282,32024006,55c616a3,52781134
173,33b6cacd,1e8a1c4d,da868f34,97dcfd7f,331fa83a,119802fc,a53d663b,843aab59,528e27d1,ad426ba0,fff12b11,b13674c0,f714ae9c,89f73578,543dc8d9,ee802534,ecf343e3,2805be2a,94d24e27,bf920b22
174,0bea9a10,4faaa0a6,5f7a554a,a3b5d0f1,4b0b3da6,a7efefa2,a781d467,49c062b9,61d028cf,d71c7b91,a68a4391,e13936fa,dc4db462,60dbdeaa,71d0d7d5,d3288298,10724479,714d8a39,020c9cfa,6a73a89a
175,29a00f56,da9cb1d0,24199429,b5269eb7,a1e7940a,8f71aff3,5110fc73,0802bfad,9a195645,7a4a05fd,50a07bc4,0103b994,90876f60,8f17e1db,7eca6a25,b8d279b1,b88b56ee,7402a602,5b313884,3bed1fd1
176,f3cc452e,8e9d2ac8,165edf32,3252ad66,0e64360f,045ccd09,1ca6e57f,d3aae74a,99c0e80d,7331fbb2,658772cc,92a70212,bb3b36be,5c195667,cdbd717a,f86662ca,a66d9b2d,6dfad678,9ec3b481,4dd29101
177,0790dd4b,97f6b454,176c6cf8,76d90f57,13f90b72,d4e78e07,4f83eb5c,1d220c30,4c4e13a3,4055f673,362436db,1ab6a0a3,7990f68b,2cd83bfa,36da95b7,217d58af,7c5c039e,fc637cbc,0cfde0f0,47a792c5
178,954f3051,4cffce9a,b6d1b0bd,abef4420,0f5b3b5a,5bb23599,92d23d43,416efb9a,98646ea7,63094dc1,b9de4645,e9efe623,118ab587,3c46c58d,6ef8a760,29659ca6,c61f5a74,b541d651,57c58d44,977cb131
179,a57f8455,e7f419a9,265f8cf4,9f754a49,188ef1c6,1e2f5010,7d009448,47465c2d,d927f8cf,ebeb0f78,79d3e132,58913fb9,84eb3581,c733d3d4,12fdb349,35fed863,e0339b6d,118b3cde,d34d8cc2,8a514fc0
180,9968c36d,128b0a7f,a6d15aca,903cab8d,e7fdd2c8,32e59127,572c141e,fd45cc1c,6083e674,842174e7,dc871f65,cedafda1,b363c34e,301cdc0c,b1feb46a,025abbcd,ae717b44,cae719cf,f7606c7b,cc4934a6
181,4e4847d8,ebc96640,4b011c07,445399dd,cd450e3c,1b6ec30e,ab3a12c6,2d367d2f,b5da0d7c,0325fea4,59903954,444815b3,c0fec6ab,5f685d0a,6856fdb7,28ff16f2,34a91444,c1963959,821015bf,68db9b68
182,c93e7de1,b21ae978,0bd1a94f,df211ab4,5aa6ac67,5ed584bc,35a8917f,daac1396,8e58803f,bf729fc3,1a0fb90b,6c0f6756,9f5f02c1,e44c864c,f6ff450d,e296bdc4,581f57b1,69ccbaf2,78f0ea24,0524fd5b
183,b58d4129,11695ee2,4bf2545d,4f66c6b3,bbfc41a3,ef469b28,b534a626,312cbbda,48fd47d7,5e95e1c6,42168279,0fce2da4,6368f2f3,f387588b,bd1f8033,e22ca535,b8aa81ce,427a693d,92a0691a,af272e15
184,9cd3c991,2083465d,fe3bbf36,2510eb28,487082cb,02467db2,bb0905e0,f9b9b4c1,cf80e847,adb9f1a0,f95a867e,32d668a4,37a0a006,bc76fdca,8a776556,97fbed29,89f49838,62e1d11e,dc261b9c,c200bdaa
185,4f5db13b,50a23e51,a6bacebf,22b07b1f,16611b57,fc43ff5d,184d1182,65c1020a,45ee6242,1824d0e5,97f11687,0911b8c4,2b977d15,9407d1fb,44db1376,a4212ce5,ce4e0c75,6f16abe1,ce4de72d,98697054
186,cbba3e24,01fda812,ce903464,cee3f2e0,51614a90,bb1639c7,f0199081,b745cdc3,ecebd72d,c1c34b80,89710747,873ed128,d7eca5e3,32b14b7d,a56f9a62,853a9bd4,d492bb3a,c2248eea,f321726d,bfe84f1a
187,581c3e60,41c0ddeb,a03dd462,f6d68517,f581db97,f34880ce,df63da12,ec66b263,085c7450,fea22d58,d1f4a180,c01d47a5,b687e836,b1cbc1e3,f48a527f,8f908cf4,e74b459a,c5803f65,62f0d9a1,3c3555ed
188,28e3baaa,16f57f33,f8bcd85d,414487be,374be313,1cec0f81,1473f07c,903880b0,5f2e4071,397ea359,60bbc803,f97d60ae,561485f6,be8d956a,74787597,47c06fdf,16b67030,1e7434dc,6a4a6f77,dccfb8f4
189,b5c61100,12ed0ec4,076fc45e,3cd462c0,2b09a867,ccb6e4c6,1bb98b4f,747e8345,027f44f5,7924e09e,df592abf,1edb7fcf,6365ce7e,7424f2a8,1ea47428,fb425c2e,f1b68b00,9ce1964c,16413472,fafd1c56
190,72e74346,c5335a42,5062c80e,7b60db86,35ba85cd,dcec873d,aac2ddbb,79f96d45,98315cb0,0352aee1,7a41bcd8,da46ed2a,f917688a,81ccc634,a0661f04,a3aa3cc1,c3cb18f1,53c86615,78f869b6,82818a72
191,0a185d61,837e208a,356560fc,0da89d7c,3d347ce8,2d15f375,538ff2b7,8a2cb682,4d9644e3,f257af99,53e2d50c,db86e44e,e8c15103,9d3e2b1b,c9a7b99c,1c58e584,98bb420a,65c837ba,ba1746f2,8b4f1408
192,3cdb91a9,0a50eab1,71c22337,aa5f0755,97a26228,8c4bd8e7,786cdcaf,b96d1dd4,182df034,26ea2814,b7d002a3,0f376874,6ef6755f,9d333c32,7c6f3cd0,b5b3f246,d2f30df9,5c5b6087,23630bee,0ef37b73
193,d234c997,3b2b1613,fe7d426a,1f12efd9,3a79d29b,feeb6647,e570e7a2,b3fd6412,1cd1e46f,0df40b5d,acce3407,68498891,aec489fa,3d9da0a0,56b00861,a61734a7,c848004a,2e76b158,39d6d39b,eec415fe
194,cad2138f,868408e3,1b35a627,c1d9f5bd,1ac75e63,c02c87ef,9af3be2b,4c5ba542,ef4bfe39,652affea,fbf29873,a7651c18,bdd1e87b,0784a619,e4938b9e,587ed597,4cf7672f,5ffb8729,0c43b1bf,0f4d5680
195,a8e8ae73,323e6f49,5673d0e7,b7483c9b,449b6069,056c794b,0f7b3ad5,a8e6b021,e10e7094,e0e285e3,7a842743,85ed3021,aa9ea17a,e6da1b6e,a307e6b7,67c8b060,b7899f84,c9b613c6,0c31df84,279314a1
196,4893de2c,47bd7296,f64fd5dd,14ceb1b3,c53c1e09,d7540799,39c35eec,ccd05e67,2a5f83f8,1ed241d2,f82b9bbc,c0190700,a2563594,f312adee,bf3a71e2,c53bf0cb,34ab805a,2c2147ca,f34ba312,927752dd
197,06c64ba3,5d433cff,b649a975,9beffd46,f57e5bc6,84f11931,a0f15f50,49288cf2,816ec13d,03e0fb3c,ae958c70,6a4d2348,200110df,ba971b55,8810d04a,a59a482f,7a2eed42,be671da2,33403e80,b5ff2349
198,4a2703da,457c4ab2,0342d33e,3897060e,c09624f2,42ae9871,d4a7b1d6,bacfccd7,aea9c6ff,03bca0ad,e742d63e,56d58e9b,dc4f8d10,64b1800c,4e6d53c4,a005f560,aff90f1b,32d41811,0644fb5f,6fa8b3e6
199,e9105eab,d7546170,7fa68731,c6733702,d75b7735,e1158049,dc959339,a19221c7,2e5fb884,a3854ac8,c76888a8,e56f9af0,c2f7784c,ecadd858,06a3e311,90acb50a,08fc95c0,ef024809,130fceb9,bad77b0c
200,3382ef9c,190a53e7,2d147858,1195be19,89e84890,e4d9f49b,ebbbbc69,46569cf3,fdacf6a4,ed4eac39,1169375b,b2b53327,85a51f89,defa5498,05b0e64f,666c7bd7,29b2337f,fd73b542,d5b78e38,fb9a04c1
201,87e9cbfe,d2d0d912,25a69779,7a032883,ccc6f51e,34a8dc40,b64a311a,b6f4582b,0394886b,a68f658d,3ceb3f7f,1814b334,fa75e736,b97e55b3,dada3f6b,ea9e44ce,2bfc611d,b37b2219,5dac3ac0,c1de78c9
202,0ae14ad2,b144d8b0,e8ffa584,3ee0fdf1,0ece0bfa,9958c2cc,13777991,236dcc49,967658db,1973011c,1c15317a,f1f5a3a2,654139f3,b26f4788,e6443318,d85c0e03,f0dac3c5,e045b337,c53b6e30,98a498c1
203,e642f0fc,744465a4,6cbc7e84,0770deab,96e6cfe8,574d95fe,70cf342e,17375e09,2052204a,ebb7819d,2fb48dd7,b856d81c,45224109,5216fa28,afabb53a,978a6df4,c474cda8,4aae6f3c,4af1b5ee,dd9291b2
204,8907d48f,593c537c,35c12106,a96062e9,4cdb9641,a1b2ce42,1cc77320,f3166c40,8f585ffd,6fe9e8b3,1ba25733,ec1113bd,b5c49df1,a127507e,b0328dd3,43c0a22c,1f6cc6ca,7cd279f3,7d6d547d,4fc40f08
205,453989fa,17f0af9c,50aa8f12,f43d0f9e,a9066df7,75f0bdd2,514b0020,6cc96d6d,d3f347cd,d02ca843,10f9e093,2826ec36,86cd4856,f27b4ff8,23bcdab6,604cef73,f1def349,1356e23e,f46afc1b,d9c5b5d2
206,985c0aa0,818f2120,ceede085,e920d421,acb70e05,c88faf92,699c6902,0f516d1a,2694b17c,7f8b21ee,9fe05ab5,326bf7d6,dd6c0b1e,d6c7ff7b,ef69353f,67bace43,530fff5a,25a9007a,0a24fa98,0752a15c
207,61377a23,aebd270b,82dc7162,d7c32e64,cb579656,00a7357a,ef5089c9,594b1cb1,7f4cb2de,e07f11f6,1f5c8640,4b46f630,55379dd7,fc9c4473,7b3430e9,d5870262,7531121b,73383e2e,6280cd79,a373575f
208,02431582,2a19e391,4ce57419,941045af,0a104769,327333e2,43cfe014,f2349aea,f468b74b,c4c18bfc,cd5fe8b8,0bcd7ee7,b50eb702,b37c8ef7,65e10fb6,70a2e0bd,d72bc3ff,9e158605,fba79d73,e1cff377
209,c5b60cf2,50ba61ed,652a9c6c,484819a5,70135cf5,e0d687be,83c4bf44,d50a40d1,0954683d,b79c10df,1fa5f35f,ce013e9a,49f66dd1,f8a8b8fe,4c2ace0b,57bd3af1,cfa7fd71,cca2abfb,25b3594f,3478c827
210,66d394f8,75b6c4c7,06cda071,ccc95cde,29092962,21837a60,9d926e99,72ac3e12,57eafff4,33d93c6c,25dc1814,e74e5143,b63360af,2e4b6580,4154861c,1c30c15e,4cd7033a,ff834787,6adae550,a238446b
211,2cfbe67d,6d3d4759,31e9711a,e63e75a0,360fac7f,4992fd09,512da56d,753ee10a,19e462ae,75202a84,a9203797,f780c851,110d84a8,10e74d5b,c423e125,25139393,707fd4a3,a77f390e,9ca2aa96,a5e13e1a
212,e5e9b19e,cd2f02ae,08018cb1,f8322688,e6256227,47200aba,81d0676f,060c7341,0869c705,a6fad2db,300bae12,3806bf06,00039092,629e9998,d47918ca,8b1ea0be,d11fead9,2e6014e0,e7151f75,03ec66f2
213,aea7712a,6b427d8e,73d131e8,88708bd0,40e7f49d,3576f4f7,b81fd9b5,74377561,29ff1dff,92342cef,eac91841,617e63d3,7625b23b,51caa614,716a6848,ec9ddcd6,beef23b4,eec1a6bf,f3743188,363506b2
214,3dcd4664,a27d190e,e80535ab,6ce7e04d,4ab6768a,8fa04f8f,6708a51c,b87a67e4,b0110dad,92c1d1b3,b9ded00d,caae2bdd,4565f56e,3986297d,67214e72,57ad6b7e,19b7e7f4,72091636,7c9f94e2,fe231ca4
215,707354f4,623c4b08,e6eafd1e,797b252c,0f226fd7,80c196e1,96624189,854957e1,b7152bb5,6392d721,d111def6,cf6c0e57,8becbce7,4736a66f,f134c592,134f27c9,a12f2569,70b37897,8d6cc86d,c5e2119a
216,7ba27bd3,4960ac87,612f4e35,ac43b2bc,55286594,27b69747,205d0bbd,6a08fdd2,9ae13757,adbc4b28,af8b76ce,06245d81,e6ebcb50,b186575f,b3acec04,368c6cc4,478bb9a8,e32946de,dc28bcc4,99c0ae87
217,faf2c618,bdaeb4b3,a150939c,08f50279,8f7b1215,dc681a21,5e650381,6fe0c5ee,a65b4cd9,f2795101,e7db9f5d,2b457efb,104d7c2c,95b76d8f,26d165c5,4215a514,0e8ce7ec,099b5deb,c63212b0,752d8c42
218,00fe6de1,3fdbcdfb,677cfefc,681ee96a,a6249348,be6170b2,8ad42c7c,d689178f,1b330f3d,98dc8ac3,b52f90a9,c095376a,f82dfb5f,86f081a4,2a4c73dc,a77fa71d,9ac57c77,d3ffabf8,e09ca30d,3ece7066
219,2ab01716,3b3e5cae,872af50f,2cd7f683,759f02bd,dee5e939,9782bc38,029f1c69,3d445d7a,fc391815,2865bdb0,6c61c6c4,2314b83a,2771b2e1,a8080a1c,233d7936,cdeb7ee0,22a70fcc,1d1d8068,5e45f9e5
220,2da7b30d,de61bfae,83da7125,43c20a27,a86f0e4f,31aab25f,78701a04,e6d558e4,33c30e41,a34a7ddf,ce23ca86,ce439dbc,01f915b4,4d7467fe,025e4906,4fa99973,2c8dd4ad,addb6a9b,26361a3b,f389f087
221,435c9fdb,5339dd0c,c861ad21,c1caa6fd,6f4616e4,d8f5593e,6a167317,7a1a35ab,0340641b,fc983edf,15d431f5,8963aed6,b847f1de,b51b740b,d68f2f6d,9de94bcb,b1635d1f,5c668a9d,41cbc3aa,bdc27dd0
222,a61a91a7,078405a7,9456bb65,905dc487,3de1023b,be9c4a6a,4b3a91f1,85181ba2,1d1f17bb,0a802b04,78d2e7a6,069222b9,2c5ce105,5b110c83,f434d1dc,3394b9c3,8f40884f,c10e08aa,f1c5c62b,87383e36
223,bd5ab82f,8fd4b9da,1ae318f8,351dd46e,074aa3e1,e4c1240f,65653493,558fc45d,82cad6db,57c06ff0,17f95228,d237b736,b4d56808,be990ae9,5859ad8c,04cb9918,0fc3742e,1c2e515f,cf216fdc,c4de245c
224,79ebd147,ec14578f,15e54b82,8ef3a841,07454c0b,1f28f965,093aa283,5b1d9e2a,4ff2b9bb,7713a70c,3286c80d,6c6f1e65,8aa54d8a,803c579a,054f2db6,09f1e971,930a044f,4c7f8eea,fb3717a0,b8dfb043
225,f6edcdac,e3e04974,8448a68c,2d334d5c,8b1331b3,b26f4c77,3063250b,8e34bfa4,ff3c94ab,452b2df8,ba4cb431,727f0445,5b389157,7f101bcd,a1a66b54,811b8075,677ae8ae,8492abc0,9ac935dd,190ee584
226,d8b71cf1,30a0cbe6,8013c588,6cff302c,b5909b08,a57d6f3a,1afbd2ae,0bb5a1cc,89752358,19c45698,bcd52dce,6027161e,19ce3659,c3a241b7,be7eff14,7fb5890a,5f0a4a9e,027fa385,2bb6f3a9,6dd5b32f
227,1e02b6cd,4164849a,2fedc797,ab5180f7,8bd1c217,994a7675,5ece4d36,d09eef9e,1a342b14,c475352c,47030362,a1ed4f25,08222310,ad3da1ad,d24436d0,e9e84ae1,d32cec6f,c9156679,1b3dc84d,bb296f7f
228,65d8575d,53fd7cc0,8e5c41bc,48553cf1,d1529c25,5c4bae99,6bb47fb4,65ec16b8,cd49fa8e,8778921e,0648fb4d,def4f04e,50abc579,069ce837,5ff5afaf,c65147d9,29ebc07a,cec16212,fd829403,7e22e7bc
229,4d0dca76,ec61d265,64f3160b,ee75de90,77bf80a9,4a1ae73d,a2feac25,1e872d69,eff06d3b,24485f2f,6a69a36a,7e33649e,3f4a0081,37db1a00,1ff53e54,f194aa4c,6ab46f41,b33ce4f1,86411851,edd3ea40
230,e388aae5,2ea93ab8,1fbb4c69,2ff6d80e,9fd557f3,fc77c34c,b99f9d47,3a1a6875,b2ffd4be,eea78027,cc111e5d,e5f2a212,5da6238f,0563dbc9,6e308733,b418401d,5eeb1c22,6d1307e3,19c581c9,c565a9d7
231,2154d395,90a2f099,c5591f79,be3e40b4,276bd5f5,2560c039,e2444e14,63915183,13fcddbf,ff1c27fc,df83f831,65ab05a8,95a09ab0,dbcc7498,161b8a94,6328f534,7f649974,f6201496,a02f3fc8,637dcaca
232,9b951ea6,3619eec0,26ce5dbb,18e04c25,a90b03e0,76d82a65,5c96bd89,88a6d1b3,914740d3,c6e9fb3a,f28ce930,4d2eec64,d6dbaf3f,fe805a0e,aca6e3cc,59265e7f,63b0fe3b,30d25354,f39b7392,2c649fb4
233,f6774866,c6595563,b46f9964,208dd5ef,fd4ed831,79ac5948,ba8cad22,c54d4e40,fd93ce8e,1daf9fb2,c20545fc,9f9fec32,5b59175f,d8ff108d,a976be8e,1df2b20d,77d87498,15446f3c,ff6e55ea,da9593a2
234,b1e5042d,f1af0a95,f08c5821,157f5cd3,a151aeb6,57633c05,95874db9,9d7eb7e2,2c95659c,07920aff,4c113832,74b949ee,82966597,657d2ce0,938e091f,210d5383,93c3cd28,01caa706,caf010f0,f059de09
235,aea6138f,58782847,be45ded9,e2152e8a,6a5d73a5,71aa6824,854810d4,65450859,2a61893f,bb94450a,099c3192,519d1a85,4b46d68e,77b0bb2e,d58eb7bf,bfe278ba,aa7a692d,8f5fbef0,df449cf7,44a1c4d7
236,57eb2141,4179e533,a4c288f9,7876b796,e7762697,8b68d24b,502fdd5b,251e7df1,5fd2b888,4d1218ad,523a51d1,be650bd6,c0e54424,51a798ff,27c32ccd,a318539b,99517855,c6161cb6,c68974fe,95fa7468
237,ffd06ab4,ccd2c81d,15fead54,d762ddbf,9f79d605,29114c6b,a81c9aab,9cb2a236,f68a5d87,8b7629a3,e71d03db,c96a9476,f561524d,8d32f987,ec48f778,7ed02b1c,d4a9492b,7813a17e,2ccc5cd5,8e4324e7
238,775ac994,45c480bc,c7a06827,444bc58f,1785241c,c685277c,ac6ccc69,60a375f3,9456ea5f,c00d4468,651f6acf,53635752,6680d9aa,3284733c,4aa8ba3f,aac11965,de336f93,ac30821f,0594abc9,18ef5bfc
239,02a77b86,9919662b,a62b0bfe,a03885de,f7f85e65,b1cf6e8d,6d29cda7,af0a2eb0,4d129f94,ea92a055,b43f5e4e,dedb8bb0,f73c4d30,49807a81,cc7a62fe,8f4f970f,affdf5d9,4a7fecea,6a0c391a,057f952e
240,be77ffad,cdcd440e,1ade55c7,15cb8eb1,73cf7fec,68404757,0399a2e9,05ca1fdb,451dcf22,98167736,c3fb879e,2af2452f,599592d0,daaf7a2b,eb81d03c,b7333ccd,c1199825,2eb2126c,138b4114,e043adff
241,43cd6d71,6528a7fd,2309b338,bf5e386f,7793c47e,6a01cb8f,ae3b02aa,36c2a6c1,2413195a,1394dce0,3603a8f1,e4d33e28,b64969f4,3a19032b,40b7e62d,a25179bf,e5e240ef,b42d771e,57d36d88,287274f9
242,6922eff1,0553e0a0,bab4efd1,a27846fb,1f477813,8a9965d5,8afb3dd2,17d938da,0a870515,83b781a4,e4a29abe,7655d73a,74abd1ec,f76539ff,47ac1693,087b263c,33e1ca51,29f7b38b,8c04f4f9,b3ef7d04
243,c88266d4,60eaaa43,a9a679ab,e115bc24,194547b1,c560732d,8f5ee73a,9db02b99,770e6ace,6c3b342f,ad7ea823,4bccceb3,6f25da15,433b6f6f,4cdd5aba,e366aaea,30a9e00c,96b3f465,51d384db,c9997a65
244,a4f77429,2fcb4ce4,b2d20551,884ca623,6521d22b,48971a8f,5ef18a7e,292be1c9,8531b248,9667a471,ab855d11,4cad8bba,5806ca81,64ce1faf,b7ecfdd8,93d11dce,4d5ce4bd,0cf7fb4d,a59d7504,e90acf1d
245,c8f45811,50f49eed,5d318e16,58312f24,eea9ee9b,093af9b6,4a1bced3,a0ca5cb6,08543475,4bfdbe07,35275027,65f03a07,d09d94fc,31253767,3fe7f69d,7835c15c,1d79aff6,dfea8bd1,b38ba224,8ef918e7
246,468521d6,3edca733,83f06cb7,e1448fa6,c0862003,42297c91,fe4c3d93,30a3191f,897a5089,3f3add4f,545c862e,9edf5d79,45f09004,66b7b7ba,cb5b4b08,e6c6a6cb,6cba9121,65c7f271,d4d96169,f509a439
247,0e1995ec,451efdc8,651509ee,ad7ca46d,b9a2839f,43676bf9,70cc066c,e903e40e,186d62c2,eabaae57,5446fa3b,9a73b83d,3dc37ccc,de00990c,c7e384b5,0fcfa06c,0f8ee015,87afadeb,e97d0338,4c0f3d30
248,2c56f0cb,ca984a26,728a58cd,d67957cb,b7e85493,639a7779,e1eb3bea,7c1b497c,c4d8284f,a621feb0,6309f8bb,239735e9,770b68b8,031aeb5a,a9eb204d,07ccd6dd,2e0b28ea,b64dd3af,a25bc139,d4e21be3
249,2c5f6d3e,416e6171,7b8b191b,4796f499,a8dd07fc,1cc9253f,bcf0f68a,09029ce3,db80cc56,b3d30f25,4f18f15b,0898c146,c225f802,363216e7,ac358c3e,8687a699,a5a4c43d,96dd0f5e,780917c6,87a2225f
250,ca140974,c2d8ac73,d8e5a3fa,41a9ee09,07268180,589519a3,41d9bec9,ae2f92ec,7846f2b6,bad90a40,6048e678,deb7a09e,c869d0ca,f4ce28e7,1cb72e3e,4c8d8216,3f009e23,66805a97,2c5ca39e,9fbb51f5
251,820fab91,8d802455,d0280611,038af106,55b8c31f,0493134e,b1439316,4c7f44c1,7c53ec5f,9196570f,f181850b,36d7ae7e,ee305bf2,de1dbb0c,60127078,6274883d,23af5ccd,22bf1477,734c8d08,904e21cc
252,25873ba4,7fcc13a3,64268806,69c6afb1,8f3633d5,ff26ea79,f14808c2,f92eb419,460dbc03,68106a72,aaa854be,1820f037,ca2a59df,50bdf037,6263139b,4c265cb5,edf69335,aca88afb,bf110ee1,c319064d
253,25fe34f9,2ebea732,e3e5c441,35b8666b,d59683da,ab889e5b,54338ba7,8e874f20,5a3b9f5b,95274ddc,36b293dd,4dd9d818,7df1e826,0dcd5931,c1bb13c7,f77c7ec0,7d52b923,b78ab63c,eab44d9c,aef22be9
254,a4af388a,74b75237,ea436993,82de66ba,eb692619,76c1bb73,e3eae285,3f24f13b,6135e08e,2866404f,632e603c,7ec19826,2cbb145b,4f5a7705,50d87d22,b346de67,be49bc5c,11ac25fb,90b3bc05,a39cfa5b
255,abc1c426,5aa0bd45,043462fd,c2b84455,7847a329,c4e4e09f,0d428ea7,e16e0f2d,b326a17f,2f164aff,2b48efec,7c5066fc,b61e398c,256ea922,6f22016b,8694248a,0e225593,570ad4cb,25ca0964,998455bd
256,e041ab54,3bf69e29,c148fd0e,65c53dcb,378237cb,64f5b8d3,381b9235,6b42c74d,9fbad995,a2bcc3c9,f752cc0e,ec998f8a,37ffe7cc,b8579fc2,ae571c35,9887bd6d,39e6139d,430d94cd,ffb6699d,c6c2798a
257,48eb4f8b,c816344f,d557f103,9b83df8f,6679983a,9da563b4,7aac4c90,24283b18,dca51513,aec585dd,82788b62,ee4f4746,3e218e49,2f0acf08,d9942cef,85180785,a70f7545,97146cb5,d4bafdc6,f1b81e88
258,ae64e96a,45b36a6e,0ec246a1,1afa2c75,12432d8d,b9fee54c,78ddeca2,bb49bd72,a219bc95,ac1981be,b22e4657,c1ca63d2,928571c8,88f7e605,3bc82051,925e76d2,eebb2ed1,fad0cf71,0775025a,18304b00
259,5f9c169b,0819dd1c,a15c3d0b,b7e8855e,7d146f72,bd0ad258,0d3417a0,67716020,2f7df518,cb0cddb7,d51f4b13,66ca4068,0ed498bd,d35b16b6,8d9cc3ae,be1aa7bc,f6562acd,2147efba,8a4e8745,e6f5232b
260,69eccb21,1f17b916,9d9fae24,ee6774ce,19302bd8,1d21c0a5,7e4e3edc,512fb62e,775c9abc,bb0be7da,c38e60ae,b3ab22f4,339a5db4,3daae398,312aaabb,564b2867,1d9aad87,f0669f87,5fd9ee01,94ed78f5
261,30a4e007,4f6cdcf8,897dcaed,c969baf4,05060577,6b485469,49565ac5,1878477d,8d08f5d7,4a0c27c0,2a74362c,baadee9d,cd9c0336,e12d0bc7,7385a027,b11b4d19,e3780b85,0aa07dd6,4de1e530,ecef2348
262,95a3f055,5012258b,b540a24e,e2e18893,06c8fc9f,36b74701,76ce63c0,b96f4068,92bbc30d,63c2f1cb,5fafd0a3,b2407b6e,4c03d792,48293f0a,059eee34,7e1ac5f2,075e93b4,d42f81d7,0ff5bff6,a6eecce6
263,ae741578,b7d39f17,7b789bfd,1b63b40a,a6b948d0,984ff89c,b42c1b7f,8616a610,ed34dcbd,aae5e759,bcc9123d,e9517df8,bff03e2e,7dd8fba5,094e7c74,61b2d054,e7a59a20,d66020cd,9ddfd898,61361066
264,54ed49ed,f9cb92ce,cbbd6934,be6a5cf9,73b251e9,17e72de4,51a90064,88048a33,b8fe12ce,dca90d44,f4d38fbc,3e976da3,d37522aa,c2ea8ece,7571ddd5,8b1f26d9,7fa3e816,72410536,b4ba09b1,667ba6a0
265,ecb7bb10,8a937f1e,fe73bd49,b479884c,09e32487,808f2668,3d543c7a,9256ee70,f2bc03c5,62168a30,eb41f084,2719155a,7cae8fe1,e387715a,c1cc7951,3022bbaf,1a9b0aa4,646a99be,739ceac8,81a1a1fd
266,a72395ec,918a8317,f26ec38f,92273225,ceee3be9,c41bb8b4,2476eaa0,e99cd3a9,914c4887,5083c064,7e0bf194,6515052c,510515e8,bc1724a3,5fc62106,c7462f84,a8e330fd,0f97c837,ef125981,03671d15
267,541685e5,63ff9359,f7810f12,8a1fa851,dab6c6fb,9a2bae49,bc804bc2,28cf6a7d,2c0b3172,38ae568e,fd1a360e,f2878d0d,621a2490,0390e426,5a0edc97,97c2733e,34a9d163,86b9a063,5c8bb6c5,66d2e4a7
268,497a2ee7,429a1299,dd78570c,af8a4a4a,cb45ebfc,e61759de,84de557e,5e5936b1,274f5efc,a50a41a4,2f4c85e5,198813f6,da8c577d,e4bf8ac9,aab412d8,27a579c9,1daf4fa1,fd035671,8671432b,9b2504ba
269,6bef80ed,0cc42394,0bd64938,bb9b32cd,8c1fced7,49f7e2e9,2e76c5a9,1f80ee19,06592732,168d6bb5,ab8d6fad,3c402494,b031e4a6,ba509268,a951252b,72542a4d,f1730ea4,f90639b2,d47afdbe,9ca61d38
270,136fe489,d0e38102,ebaa2351,4995f36e,8caa5fb9,1b650640,039ce2f7,77c3e97f,fc8ed2c5,3fe6cd02,f3364afa,c41a2289,b1f2297c,bd14d9b5,a72e5902,57487303,9ada9330,33859d54,af71c46f,c8945c92
271,dea7d811,1935f25f,65195c8f,f8bba765,0f70d683,2527d663,744513df,08be008c,73a0008a,e00fa682,aaa14305,c51e8daf,7b25dbe8,dd817065,357adc86,3cee05fb,35d86847,0c587b92,f55a4a43,c7a3a27d
272,1ecacfd9,bd1cc3b6,be5f0ad4,dd7d5979,2aab7ab4,6758e9d5,bce60b01,f2ba47c5,57831fdb,44b1fa08,cd691fb6,da5efc66,0927e97a,0094bd93,d47ae7b9,b710df7d,2016cea9,2a5f78de,e71905c3,379d0588
273,52abea24,d7c626a8,4be13829,3911f2fb,936faa8f,eeedf0cb,88ef779f,00b80801,1f2b1bcd,5b3d3b3a,1ffc2e4e,bd37a87d,f98e9369,af64aabd,36b52690,fe1fc937,1989fd09,fc8e14b7,c1d73bae,da928963
274,41f16a88,cc39f1b3,2f731efb,3bf7be2e,085fcaeb,5125b0eb,10526c8e,60aeb930,e97d9526,d9bde91e,18c338c5,6a862971,636343b7,7ad2ef91,30d39242,2a1c8c4a,b37bf0be,89144061,957cf5aa,a7dbb625
275,edb239aa,c231e09e,e59c45ac,10a32649,68993e9b,68e768cc,03b2bb43,284e9ca2,4b988f79,3e307b3c,d85a275f,a38e9c9a,e1b22314,94d401b6,85b63c00,4133f413,134c1333,1bf1f355,93639c8e,ef576019
276,48986dc7,cc47fcb8,207b071c,1160d7ba,edb5ab30,eaa56266,1ead5282,9498eed9,9045b756,5b46ba36,cf8e1499,4d720bdb,e2726b22,4a5c1dc7,d1075864,6450e165,5b1bc2be,e7591f9e,0c904fc7,fa974d0c
277,cdc6c9fe,15aab473,569a4652,146ca483,97ee9257,3d24a5bc,cfaeb1b3,668d540a,09317092,7162fdf2,ec7ed2dc,f2d116ca,a494d2fb,db5ef309,3556693a,24f9fc56,de4c2530,8e66001c,d3bcc7c7,9df9c600
278,f83b034c,1797aed0,6150b70d,393e33ed,66d9029d,1ea6813a,b98ce839,b979a006,2b50b42d,1aa9f44e,8c8586f1,1da32e38,f94f3a62,91912c93,bfbb05f5,c2c1deda,f71242af,fbe91079,97b31cab,4d4afa2f
279,24e6f55c,d45cb575,592053ba,ff86b6e2,54b4063e,e2e84878,ae9cb671,efd13572,7dc55fe4,5c411e9d,bd3568e0,3c5826b4,39ef338d,a56edc34,8d39ef1d,4d2f77ee,9eb53ff1,8e206778,0049e183,c6e7da1b
280,5e0ea056,a1e359fb,cb04522f,ca0c825e,433c2e0c,ccc790c8,0220c7c2,74d9df25,2b448acf,7693222d,ef05fe2e,1a693709,10f6c5b3,08c54ae2,28a2e70d,20432a22,93f9bc6f,90227922,b1e4f3cd,7bb70fb9
281,5f3db68b,1665e9ea,04f243d3,ce2efe12,30661633,0ac597ac,293a47a8,9baeb255,f4cfad87,bcbcd1c0,3673bb0a,384bcfe1,e27cea85,d0cef97c,9e00de3f,3a28ade3,ddff44d3,6e0cf626,7f4cb609,a4e7ed23
282,b25f2c0d,be8523b3,f4ce3983,49093470,8190c2a2,c9c41631,c3bf248a,4059f98b,32762636,bdfbe01d,76a0ac1c,9e250452,a34785cc,2eadbbf3,3ec68a23,b94a0a0f,b5ee99b6,1c4a9dbd,8a879450,73dd7751
283,de8db048,0d5d55dd,7517cdc1,cb276df1,2b79b948,9f52ef7b,afa6fb5a,34428d9d,a971ac05,18e0f840,e902bc16,e5fafa2b,7587e32d,52e90d4b,8078abf5,604982f8,20bd285c,15139f7a,655a43b0,1100a53e
284,ae52adcd,7922258a,78915a33,77059a60,ae7bc8f8,6e68b395,a30668cb,d7949101,54b55c28,ad93f573,f771672f,6f71ffc1,4382403e,172bdea1,caba5cd5,ce447e0d,7c0c9da8,676128d7,f176fc5b,7b645735
285,a6c11492,a5b4cbc1,42b8413e,d51fad82,2db43eb1,c33bd39d,be033e9b,527977cb,12e82f8c,4567e991,78e19d46,f71db4a7,8295eba2,a8da5718,19368624,74959af0,35c3cfb2,2a69e8fb,254daac5,4ffcbf90
286,bf55a339,4de4ef0e,c16ec4f7,93102126,9002f8ca,ce7e8e50,0bda6efa,04c72369,d14e8d85,781da5a2,2bffffb1,037112a9,a77548e6,a5b99119,858b78d1,96384af4,c2272a1c,dcce07a7,a640b3b7,4564fca7
287,2fb746c3,bf66b4cb,8ce0f49a,0f0781da,c4c245d3,3d151141,660e28f8,936aed1a,ad320e6d,db5f1883,d18f061c,c44197ee,d01decbf,bc9eacf6,16e51640,6b8a962c,aacd1d20,b05ead06,8f6213cc,554624d6
288,54727725,eb064109,b6a62192,c9d7d2de,f563fa26,5e58dd6e,49b20be2,13209afa,9a134d6a,0e26b0b2,0444dbe8,59bf7d3b,b35a3093,de696c00,e6d7585c,d975a359,a270db6e,9d82f6b4,a7284e6a,c6c090a3
289,cdf68712,eef1b06e,d022d280,7c06d939,412e7fbb,921deb1e,abae42bb,db4f706d,ef8e23d5,e80a1b04,b9d14b79,0a4edbed,2944b77e,abbd5016,fbad55f4,2a998d7d,e18f4074,e0c88cda,0d2c8153,daaf8f09
290,8fab7ecf,8673b18a,8dd8517a,586f2322,d53abecf,18400708,943b3e10,ebf37b4e,45f0a707,39fed41f,a72a2321,4174feff,f404e6a8,29dd5d19,6cd66cd6,a8d950db,6859193c,46c247c7,38eccd86,172a696b
291,04c07552,ef8127cb,c05970fd,2a0e625c,a9e4a17f,afc45d1d,41ea609d,915ef4c7,6c120a6b,d315ac75,639fae78,2e5aea79,98c666f8,e5768f68,bc11cc48,2ef54715,1c80b64a,b3c644f8,6a09f7e5,47ce3009
292,be5782b8,73ffe7cf,934e0c23,9074e18b,f170ef5b,6d62c2e7,79023b26,4a756fe6,e87e6c5e,9b3e9f27,ca26c030,b242547a,2c10a40f,04a7bcd3,d5a0ab10,44f98f20,4ee8ab59,74ad3123,3c55fa2a,8177587c
293,f6131cf7,b24c13d4,cb99e2c5,55692d33,1ee1377a,5b2d7e60,404ee0ad,b284b971,41825520,dea19e3b,206b6103,346c7969,fb059e44,fc7c56e6,e19c05d2,1453079d,33f5db2e,9ede3987,5330b7ef,a3647f4e
294,047ff748,67c6dff0,d388e5e5,06a30b7c,19201aba,fe547171,971331b6,657adbc1,07e63032,d2ff8d02,1f5d83fc,7451cd00,bd4d5642,85753ea2,b4aba183,fdf48f58,f35fdd5c,2473eef2,1c5680b5,44af2d53
295,b62d95c3,d011bbc3,22790408,afede945,cdf884f1,2d7fe776,67847434,85108364,ebe07be3,74f7cf7f,12bc39a7,89cd50cd,b228fda9,fd755da1,22a28c33,1bcb1fb9,e1f41708,e4488d7f,1eae9678,f5b1574a
296,2f6de106,b37bd44f,e43186d1,834875fa,b6a981ab,6edb634e,b17133a3,fec0b705,017c8229,5bf2e346,97e20fee,18e3dcf0,e8d97e24,3f210393,7c1a4e2a,bb40a818,0e6d4a9b,c4172146,31ac17b2,e05d8a30
297,dade08b2,94494f38,5bdf845a,35afc81a,040054b9,d185df83,ca173eec,0423a5ac,bbaf1b03,3bc59b0a,28b37fd9,d9393c5f,b3d05b3d,8d81420a,7861fd47,08e1cc3b,329d1acf,03f8b49e,2f732f6d,8143cb92
298,786dff16,8b1b1c06,67191554,28c1b4f8,9bc187b3,a14af93b,ef85a26d,eb54350f,bc339d50,c827b701,eab82568,432a197d,d835191a,10920207,bbd466d6,52648f45,49f8de5f,cf9418f1,8bba5b2a,df501f3c
299,2ffca820,d7feba2c,c98ff4e6,6e1233ff,c615fe6f,ea5b39f8,e5752986,b2cb20cb,ecbf0e3d,2f08e80b,34a953fe,c5e6c264,aa5953a8,2e185a51,fb60d0e4,590a6441,30250307,551a0f47,6a06f1aa,e26a8ce4
300,32d70bff,5cde8ebf,1c1b2043,d9d3f1bb,6ddec1d8,9ec4de99,029a9808,522797ab,9f7b06da,8d49ba13,cd4d4fcd,1dae6129,eaa2e884,89b7ec75,fc4f0af7,56c25b37,33c9453b,b3dc6be9,0d08894b,6b86a74c
301,2bb4a7be,a100e391,fa0f496e,62a34996,05caf066,fddf458b,4ffa9158,cb6e96c5,a04392c1,c4eeedcb,3b41a1c6,fae7831f,c006cb1a,7920959b,ec0d8b9a,1c3cff06,1d66b845,b26aea32,b9df30dc,3b17c0f6
302,0f77a29c,820f7dae,2ac36a86,50e55a5b,59d01ef1,a9e7e178,d1b09ebf,6203aed2,419cf06a,b8cd9a85,0f6764cf,e97333e4,17f90e5b,2fdae3c1,30eab3c4,548e9c5c,6bf6a24d,bee87866,a1b9d3ae,bb080ca8
303,cbf7d61d,efc33f78,eaa69639,6de0adfd,e73c0c06,c97fabe5,e7f8f336,e2bc2d17,c583718d,9607961a,41d76433,782c8275,b13889ac,13404e44,1b9d6a2d,5fe87e77,8deff6f8,b5690154,8811945e,c47224ef
304,4c5972ff,e749e30e,3dc65001,0008ae30,9d6ce7a2,bce274e0,674890f5,f008e4b3,8f4188ca,15cfa4b8,baf5972c,4429bb3d,ed0bd1a3,cb029a77,0d80868d,78380c5f,0033bd35,c388cb59,60baf49a,aa8d4870
305,1d9b6a83,6515e21a,56512c2f,a9136218,b1bd466f,c03cf9ca,958a2dc8,a49a7df8,30d80ca9,fb5b9778,032cde45,9681aaf4,f3a75e1c,eeba5f30,5257d1c8,d0c25576,21857b3b,ad09b182,79803f31,9d3edefe
306,417b255c,44538cd7,4ad8e887,2cdb01ad,6441a2d3,d100cb4e,7f23e9fd,01a7af12,1f9463bc,fb010249,711beb14,0cf312b5,657b0870,28a2bdca,fffb3ba9,07474d26,3bd7d2af,66446f3f,c6cdfd0f,d041fba8
307,247bd78c,a82c2ad8,9823ce6c,0d196db0,ad9fe8ea,b5b6ef3f,c8cb1413,06de50af,84974bed,b43cf204,5f942234,1015e80b,91d2d380,1c63a889,cc34fcd7,b179d729,148ed167,b727b13a,125d052e,ed425e1e
308,834d47f2,032cd37e,838d6461,9bc9314c,65df30b6,4d8353d7,087e4870,f9213650,42eb3728,cae4c311,fd0f37f0,66fbf318,6f7c8bb4,2b3a015b,7f0f4a4e,1552fab3,4af8475c,4688eae1,d6c6b0df,960a1c0b
309,6762e177,5ca4e848,cce3c666,ce7622fc,7ddc52fa,07ed038b,4e0ad484,2f92b2cc,6ed3ab83,cd737ba8,a4a37e03,c31719d2,fa92d03b,e92e8110,9c671f63,071bde5b,63e171a7,8cc255f5,8f215cbb,280537ad
310,237d3d08,3a65e02f,6eb453a4,75c57f4b,e933ab7c,f925911a,3942c83d,95851715,c614c56a,2a2ff825,d7ca87da,ead43820,4862210c,c1de19a9,b2a164c3,3f1ccd48,c63b7593,53dcfef7,3fd08255,a1f44235
311,5d4e2de1,8e5fda9c,bc382337,324ea547,38b5b14c,5f63c69d,4a483430,78934b52,fbe47dd6,4c07f3f1,7adf7207,bb9e7b8a,e03d4f69,96ce4a8f,afbf08a7,adcb7e2d,72f513dd,b77365dc,df894f0d,30adaad0
312,e3e461fe,b313b064,34cdb9eb,f0a63b16,dec6ddfc,ae81990d,a0fe71da,d747d600,99bf8208,78d9214d,be09cc88,efc97645,16142ccb,ccb160f3,1e7e63bc,49d650b7,be925c44,06d1a0b2,fa4018b1,abac889e
313,b15febb6,78320bf8,4b205d75,c1e5659b,0d1b7f97,b120c8ad,54a33f22,efb85600,844008af,ce6230d6,a02cf1b6,eb0687f5,4001ac15,4d98e5d0,8e5be316,bfcd4368,991b577c,22cb9de2,6eccfd2b,64b846fa
314,d3a47ca0,516e7edc,0170edb0,bcc23617,60b6e88d,e517a8ab,eab047aa,9851ff1d,e3aa9de4,e886298c,f295f7be,28cb142a,cf03b771,1b4979a2,90d92a60,d5c600d4,32c017db,62f953ae,efd0ec6c,df7cae9c
315,9f36c182,33b254ac,2b625fe2,c75a2e08,db5c1210,8ecd05ca,4e124e98,62f6dfd8,d2b80c91,60837aa5,c3659294,091d2fdc,e0587447,6f36cc7d,8a2f43e5,4fb13878,c62d2020,44ea225f,7f8fc3c1,9426129a
316,d59f559e,4adab724,1e440e68,e704881d,9e8a7eab,399aa999,8ca738d2,20fb99a8,3ec0f15c,f87e4103,c3dbfe42,1a3d4428,9ef19263,aeea0fb5,b4dccccd,6b37a3ef,cd0797ff,3df5691e,3b485822,bb35b884
317,10b76c91,cc66dfd2,c5697cc5,075f5ec1,b606e1e8,5e62b715,a845a132,886b3399,fd3680a1,71211dfe,2688f65c,b3496cd3,e013cc0f,11e09c83,86f4108c,9852661f,96074f42,fe26f48d,6bbc4079,bfce6cbd
318,477ed6da,a36dcbf5,d8820417,c792708f,3b4cdb43,3f56f7d9,f97d74b7,93454e7c,68e04e19,2cb4534a,bd1bbdfc,808aa960,ee3b65d2,4be09aa6,8da7e4db,c61ccd74,c7acbde5,486a0c8d,c7756e2f,594285a4
319,a788755e,eda159b0,00d06718,93924242,563ccf1c,cce331e9,596e40e2,8a7fb09f,3dc77097,4cabebab,d7cd9da3,c378d51c,daa5f9cc,6c6cc6fb,abb958bd,37467bc0,74e2831a,6f851f90,ad7da87b,c300d215
320,8c7908cd,1502e562,16578b03,fa99469e,51f0bff3,b95acb76,547c7481,1ac5fd5e,ab2cd1f9,a35d8a08,66681dee,0489eed5,45d8acc2,8834c4c6,3022aee6,03682c5f,0cb9311f,4459eccb,389a1cf0,4dabed92
321,fe922c72,ee5ede0d,e4ccaf75,d94114f7,9d017578,915b536f,1154c8a6,d74f019d,37f6e2bd,0b7033ea,cb06465a,502a1de6,48003e41,73c767ce,9d1d2a69,2011f7a7,a29595af,7d90d88d,62d4cb7c,9e1bacc8
322,68a4704b,a0dcd67c,b12dab09,21d38aab,8668f8a5,1d29ec70,feb2d460,33896ddf,2f660a00,4120ec52,11ed1b15,682136f9,0a0aacfb,1381bc2b,5e77d352,df6be2a9,00428289,43a3de25,d15ce69f,112f15c3
323,f1063e46,ed018fe0,74b6a82d,99598251,20bb647e,8ff46097,ab958043,f694e228,1b263b9e,750861f1,ea843fc0,2bc41009,16c45a18,3b7e1a6a,ef388965,fda8fbe2,b7b114b2,3e6b5063,22610207,0a9720c4
324,43a51414,036a8657,6387a8ad,eaf81e22,963dd603,940661ba,5d205118,95faa0f1,37621aa8,ea1b5e7a,82cab9ad,7bb8cce8,a443e8d9,bc148eb4,0b63fec6,bb55f126,b1eb9ed9,c2c617a4,3510e173,995ac4d1
325,b09ca9c9,a4830af6,6da0e3fd,f53287df,1971b725,c2283937,29867f5a,8fbbd440,c1955646,387b84c3,07ed9343,1d1229d6,4f37b783,d3da5afe,b06baf0a,528cefe0,89d9c5b1,dcb5b181,80bbea2c,e1ca561a
326,8e8f3f0a,adb89471,4f50c953,bc61a163,18a55d63,716a1acd,5f57caee,2d4cee51,56c0ac44,832b461f,2b384200,e3ea0dbc,662925d2,04290837,3b0e7b72,381fd35a,cd4ad567,863d071b,8c949e15,46538e7c
327,871057f9,5e35ad4f,5cbd0eb0,340b7111,eb78e89d,6e8f9ef9,64a8ce87,7c488389,b2c7f34c,be734151,b2c09fc2,e6fff7bc,91e0b8ba,f54b6ef7,4e80f2f8,536b0c28,30ff1553,927d8556,f0c8d647,a5e7a6d2
328,5b7d8734,c9910fac,7f37525d,8d72e539,3c4cc166,06e2874c,c44f1092,4823513a,2b333371,858263d3,8c089706,f0707656,a6192006,34e9ce16,60f7cda1,ca8a9716,3316e775,5f194346,b0c485b2,3498fa71
329,aa2bb0b0,6bb0b3ed,1782d2c8,84fd0960,990ed6c9,7b285ed9,c49d5647,721cb5aa,4749972f,ccb8e824,e8815100,e9f29ef4,215ddd80,322aed83,71871f0f,4ca72bea,a28abc05,b19c98fd,1e07c2a8,7f37005b
330,681aff8b,538d2e87,7e017fca,0323c211,7c0399b3,72ad221b,055771b3,a709cb5a,66a57ce3,41e79ed2,8717621f,e883fa44,dc47effe,ed22c3d8,eff4576c,a493a431,3fc3847d,3405cfb4,616baf7a,ec5fc02b
331,7da81fdb,1aa87322,11b36319,309104da,af5ecf8f,ed1a3548,3022748c,ad70657e,9a8b947a,eca11622,1ff7efc9,3df4e013,c6e659ea,429292b6,d9caf4f3,40680390,9f999f8e,9a6f594c,d5569029,7b174294
332,add2224c,365991fb,d7290b6f,8321dd76,0f83a7aa,36b2af08,dffc04ad,3fa76e16,0d02a69d,5e1b9c90,40517622,b1cdac7a,c4f1fdff,f7a873b1,2ffe1cc0,e75abb29,24ca1672,72a40b38,e8895c89,c7af1616
333,bec1d450,68137240,b476b631,ba2c125a,478bedb4,9c7a879c,b5f94ed4,8767b0ed,ef79404d,931f07fe,7ea00d1e,534a9428,603cd813,14e0096f,12c17caf,4302075c,5568c4e6,456e9a67,a160db57,0b95d231
334,917bb331,a0847974,2dbe8f43,0a50797e,16a23aff,54d45f24,7841f6bd,8ffa2edd,91486c53,387c26ec,18807a2c,d6b78178,bfbfe6e4,82ae62bd,d275bf36,5eef5291,db8c375c,f47702f4,00936065,1cc7241c
335,9a9ad355,b3e0a6c9,491ddd44,00039f9d,2f5c00b4,a4328d15,fff08412,5eb6cad2,fd8d1aeb,3704d12b,92e83690,cc791072,103dcba6,31ffac7e,e211964d,4b0944d2,db1bcd96,38fed43f,07a2ed32,e5a246fd
336,e16c857a,31720002,f79f4e02,b4534551,f21ffd74,522b5aa9,b5c5f26a,5bdc79c0,2810b1cd,b40a7745,696c63d2,82e39407,58759c83,ebd1bdc7,cb9ce159,b9d8dcd2,5aec730a,81a58006,866e5b52,764da981
337,571d9cc3,a5f11643,91b14e6a,ec6d0990,5afb938c,e62f3e52,289da12e,d55235c8,0da4bf6b,a5809294,7638ec88,3363335c,e5d2901e,baac0c9b,daef5915,9b31b1e6,897cd823,56923767,6cffb34d,a6dddc95
338,e13fd9a2,ed196fe1,c1ba2ba7,27220b68,e1b7a931,724fcb01,a5411e4f,d57d56e9,15a78eb1,ea922f0b,edeb1bf2,305392a1,c26be84b,1dc9a33d,b86cbd35,3e827d48,d5b2d2c7,f8ec0db2,d2ed5cda,d792c4b8
339,742655a8,5f2f19eb,215daec1,015c809d,a217a8fd,50b3106a,8db2d002,70fefc49,5221ac73,df31f40e,e2ae55b9,e0cd2dc2,66e797db,974e5d50,92751890,e05d81d3,11bb72d0,7b3749df,bc4899d6,8980e024
340,a0e61ed9,5a193832,da52084f,ee158dc8,c4d678f5,6af79b85,6936a4b0,f1d0380f,81e7f759,e0157f7b,5e333cda,09c8b1b4,d93a2a8b,422b89a4,e2760745,156a66c1,8a719b16,636852a4,ee162951,22db75a8
341,20c44b47,c8b3f37f,87d0cba9,30376279,94ed5f05,d9a3a2e9,b2516777,27bd85a0,577ccb2e,fd98e4d0,3edbf68b,3d8c8d42,a8f59ab9,1f2665a1,7a7244a4,379f77e3,7db330bb,e2385757,36769df5,0bf1f5a8
342,03dc340e,446ace96,313d35a7,11c30fa5,75117370,cd2b1cc6,1a0cbc0a,492c14ac,eca187a8,817727b2,56c9b1d9,19be5796,d8ab683a,5753d606,fb65948d,dcb524ba,1586d25d,3528b2d2,121d1953,761a051c
343,e5bf5df4,38f63585,c5e0d86c,fc6a0951,ed5095a8,cf70bdce,dd2c012e,b21ac44b,98803b64,dcc20674,1337756b,b525bbe2,8de027ea,cc038c86,f9559b59,a5d9f15c,c6623a4e,c5ebe5fa,be43ee54,5f7bf341
344,a56627f6,8f2a8036,81e8255c,7ba70718,0a66a3b7,ed143655,3cee3ee6,d33498c7,75364f63,401e784f,10fd086d,c1833308,76d0d52f,556bd308,087e8e20,6ad14b95,42187184,5c3a6be4,9d7bf897,5d894510
345,567014f1,72de3fea,6f52cbbc,03a24385,86d1765e,3c06bf99,404822f6,d631fc83,33f2b862,433f26d4,fb3ababf,630ee9ce,bb9766b6,0eb77c07,cf2652db,12cff345,52a5d114,3f7ed70f,914c0cac,ee33f9bc
346,76e2852d,a59bd10f,f146e4a1,95974e16,ee9354a0,4d52a683,b12f9657,f5f191ff,642e9cd4,d3f226f3,d22a661b,24732cb4,1b1121f2,cadccd9d,535e3ff6,4f40ff86,c6a618cd,be8d0e9c,a024303b,4bbc9c20
347,682f045b,329db09d,2f2972bb,f6703864,19a8e389,611e64df,22fef946,7c23f8dc,4f4c0c50,e745b290,fe2dd39c,00a503d4,623476b4,3ebe2356,2fde44ee,1f56942d,cd85a826,91d6eaca,5ee69a67,2296b53d
348,47b307ef,60b7d0a9,a361a7b9,c46c1868,577d57ce,7d3ff034,7ba87400,a5732c2e,1d4b537c,88f1a6d3,19f93744,2cd7e114,a354f56e,bc3e7270,80d98715,1b7ca6ed,a84e939e,0257f70c,7d667ebc,71e46d12
349,577d55fb,d6b5288e,6048611b,fcd32d11,63947b2b,b1137f33,1bdc63d4,c96b29ad,e4b8c60d,729bc17e,5b77df46,425c7043,4ecbacb7,aae8b287,7d137f84,120286d6,708d3616,dc942622,13dec9c8,7a28d811
350,75f0688e,a6d9c923,6728c5cc,00d83d33,1b2fdad6,c92277a5,7be6e772,037f137c,f2086b31,6ee4bc9e,8fa36def,1102c0ad,7ca90a2f,78f5c09f,f2478cf9,3c62286d,1bbbc505,38b2cfba,413d04de,e472cf5a
351,aa82fd3f,8f05060b,db103b02,dbd6df98,52a0c619,9e246008,c6f513fb,86593281,7e1f77cc,81bff910,beab52c9,e9f88aec,2210fad4,86dfe337,70859099,121c6c07,65a18143,7b56d45e,87a2bd32,d68552aa
352,4d1672fc,a86dcc35,ba95d627,6c4c94d8,ab98daa5,ace1bbc3,d1481689,9f6f0794,1e2cdaa2,ea3927cd,53394f1d,0214d15e,43ebf0fd,b94307bd,e357c34a,849f1a5f,c3b938dc,42b01aa3,203fe532,323baebb
353,5d578d8a,7caf320c,de201200,c70d2a36,beb060c5,9f922a33,919ea42c,1e0b6576,21332e5f,5d83b6c4,d83a173d,37919e1b,6c2d7d9f,f654d2ab,10367584,78751db3,00c2a9f6,9d753371,621797d2,6db4e52a
354,c8b52568,80ca51d2,e0393334,b5d2b940,43a0cb7c,7eecb431,908e655d,f0eee135,51421c83,2930efc4,a279a208,3a039f77,719267e3,a564ce20,781c3f61,47e21336,70e0be1f,6c413d89,ed72003a,87bf4427
355,da15a1b4,920ce8f0,7c8d4f14,53013e5c,8963b3d2,8e60fd6f,6b709994,4daeca76,4bd39bef,5cb9a0ae,d85fd639,fa730ced,90231403,83a55a0b,0fddd0c0,ddeeb9d7,21135894,4794f5a3,b9b49c08,e9e7e3f6
356,cbdbf818,aec8eeaa,52df07dc,e75a4bd3,4956e132,0be5fc1a,dbcca47e,f612ffcf,f5e0838d,54bc5e81,f4317ca1,eea823bb,6f2efaed,3cb916d3,07959e7e,91d5c3d0,3fefc6ce,434b969f,bdf5401d,5ed1678d
357,3e7a6d0f,c4e2a64e,e0ed8d69,f136b174,c1b02634,1287e673,fdef6ce2,31c1ed20,cb8cf224,50de2b71,d41b6d88,3b3f89cf,8f2086f7,aa6adebb,1d33e234,2ff420f8,67848e56,3d9c9e90,d8cf4002,0e8201fb
358,affc7b27,1d699eee,6e48839d,c6dae36d,fe22823d,1bc15103,71eff371,445ab989,0cf9f89b,479cd727,d3d493c8,9455b68f,661eb4cd,2c333829,33a6cc75,32635254,79693de1,5f8c37d4,296f6d1c,8d116bd1
359,e4779783,e880976c,8fda2646,0217ffd8,b709fa91,cf14f8e4,31ebe29f,a922a6d2,64bd0bb8,9579b251,5af59267,50c526d7,883502e8,0b4a9847,fc2fc184,5f38f9f6,25d27b3b,b317fdd0,a4a128ff,02f9920b
360,6b1ad4e5,aad072fe,962fbc03,61bccf26,27e43901,fe244266,7b2d563d,6657991c,ac520028,14bba58f,01e8f162,2d694ed8,1bd88f5c,f7a06c4f,84d342ce,3d3ce442,450ea170,18b47723,cc9f2f6e,60cf199a
361,e81dd41c,920ba320,13ebca3f,0f45f142,80041f28,3c669e63,9c8d5967,215cb1b8,266f2f6b,c786e987,6c532f4a,8a03ce19,32a4e954,0fa0fb39,0922be73,be6c98f7,bf2f681a,beea45bf,9b3894ea,c7216092
362,08fd5bd5,450cd77c,292b9a54,3edef7cb,11240c0d,033301b3,c7dee3d7,648c248f,5bc43247,7d590f9c,6d608909,617462ac,e5f28483,de10d3e8,842ec4d8,72d25659,75aeade9,973978e1,8a084b06,56a4664c
363,f547903b,bdae8ed7,7f7e9e9e,181f5707,7f87fec6,1e8ffeaa,943f6471,3be5f908,5b114dd7,a517b485,2f4130c3,0b9d251e,e98f5b75,207614d5,b3171363,82daf318,55ab1118,2180168e,85b8cd88,2b013067
364,b834ce76,fc6a15a2,fbc2a12f,fb02992f,59c6ae18,e7e3c521,41973d8b,be955714,e4c03aaa,fbae6224,884c75a9,a0c079b5,f1ed89e1,28f228e3,22688572,e9e24551,7ed1d51e,2ef56990,304bde8b,3db24f73
365,d54cc8e2,c55480d1,58809c10,40766fcc,3020b8f0,554a43bf,aab15184,bd7cd30f,4c6a710d,78bf599e,71550203,842f2731,4fc5ae92,73a03afe,7784aafd,50181ea4,c3d03d98,236663e3,ebf5c096,83cc270b
366,d0678b87,e4cb5c84,b8a4dc33,6de86ff9,f27b9e24,224d49f2,98aa63c6,5e1e4a20,971e4fd6,ab89c934,5fd2e666,19a88012,907c9528,32358209,d852cf14,7d5fa455,a8d8ebfd,97b10c38,32fc2af6,9afb7ff9
367,aeab49aa,78d76fbe,183b4d9c,a44a5a2a,7dcb8786,f2eb8265,21b13c0e,bbd02ce2,8939a5c1,dccc7462,8088ea88,c50223be,5f3970c0,5dbfbfdc,c17892c6,dd83d7d5,029c8012,2b4641e9,20e2cf9f,6a5ec441
368,51b4e4b7,ecc81ddb,bb32b28e,4c55d070,9829c832,91765b1f,f34de0f0,a4182c8c,cad10bbb,9498bd5a,31804b44,2c311681,753ff4a0,123aff47,76ac07de,f5b621d8,38dc711b,a2ed0b63,cfeefc9b,63b2de22
369,422517fd,70cadd3d,0073dcbd,966e63f9,2a0dac96,9e4fd9c9,06914ea8,5ddb35aa,0189f386,b12a9bcb,bab7a0d5,f8825bd0,381e25bf,84232def,7d47d482,27b97e49,463f9c0a,147d3ab6,13379f2b,f30de9fa
370,efae9f24,fa4e657e,0cb7fe49,987dba37,5f738b5f,8a4f9e73,08fb3864,a12f43a8,e37581f1,bfc88b21,e5ec18fb,0a7d1d26,ad1c7bf5,71361ae7,f9cd5e1c,f1174873,74e6e05c,577c1737,470ef949,d892b353
371,37fde721,11f90db3,1bb26753,3a8ddc40,9f0abea5,7b472935,f8ebdda7,f9e4fd20,c247b32e,f9168594,88929d57,d46562ff,b41fdaaf,2e67cca3,069df9fc,4f075d35,9393fdee,0af98ca3,90eba234,661e7028
372,c4411414,101aeb6f,1edf8d29,66af2e6e,bd9aa5b3,82de6776,ac40eebc,247b813d,3d549363,a710787a,11091f41,84adce14,5ff1c187,65162355,9423ec04,285a68bf,fd7d081f,53a76f5b,46bb680a,3b5bb6f8
373,f5dc2fb8,630912c4,976ac140,f35edf50,95583429,9c857923,072752d2,ac70df88,f7c217cc,84836599,ce0f65f0,84005234,f429f497,a427bc57,f2feb84a,4d07c3c7,30561197,1defba84,bcf64f27,7e30a22c
374,c0107039,9c54b3f7,1d671a69,fa995423,ed3df991,2629a588,617e7cf6,4a04b461,37055bc4,e6c43170,27ac4a6d,4cbba26c,d6586bd0,c86abc22,b4c69fb9,54e72cf0,d6ffc0e4,3b9c7245,5d9f5600,4c5e3f20
375,2a286510,a45d22a5,d608d217,3754a234,7876f548,5f65b538,e188d376,0b2fd6bb,c5b40f2b,7cb0c01c,8fa67371,a24ee8a7,a950ae61,6c6758c3,2f1a6728,20abfc8f,325cc293,b44509b6,ac367dfd,b69be4b4
376,02622142,d6ea5aac,1677f4b0,930f3538,873889f5,af2c4d58,da60d2f2,31c5495c,f9a53218,b2a43c58,fa788a24,e738d0c5,0410df57,a060f2ba,3b04c854,ecfcb862,18a75e48,9ff19e8a,f89fa2e5,bd1998e8
377,635e1b8c,e02182df,63b822ac,654e8c09,62af3244,44128c7e,841f7599,7e9dd037,6aa22874,72b1501a,a265f011,cb370ac6,2e2ac346,2fe92d0e,8e2d4870,60294655,8e2023d0,94181c3c,d00070e9,f7bd658e
378,7e494593,a65e3b39,b025bf2d,68520748,e9b23bcc,ffabd58b,e12642f1,c0ca4d50,85b1f535,294c2d56,c9ffe484,8632cc72,edd1c88b,5e59ac17,ed6f040d,a17b170c,09f91ab5,d1652771,6eac31a6,f6b5fe92
379,60f97679,3f14538f,4afa5ca7,16a189ca,9844c4fb,844db486,c4a319b5,e7671842,762dc9a0,18325718,d4e7939f,39ab4d33,abb2afcd,492bffa3,46060e3f,6d42e01d,ed950035,e301c98d,dab80627,0df369e4
380,aa131552,e95b4c74,587c9b40,e29c4c9b,2ccfa18a,a3e58a77,38de7164,26d1a348,5e4b6b2d,775db3ed,a14f5548,a9517b0b,61636fbb,f54f4a96,3f258f06,30bff42e,5e328506,e78a831c,f4619722,778b7b84
381,02f2a44f,6c2cc79b,f5d3f9b3,c12ee70d,5c43f300,43e230a2,385567f1,3f4fc666,d8e45163,7b4093be,8e633844,730d32a6,458d1001,f9780a75,21f3f3ef,b7e0dd7d,d3001bea,35e70aef,e4c05f61,cd2906e7
382,97840070,9ba6e5fa,822f82ff,f620f37c,36c433d2,fd3078e4,dcde42b5,64e47719,92742847,e5450bdf,03973f59,0f1e8f3f,9f5d57e3,a93cb10b,b372ca4c,137f836d,31283ccb,880f4a70,3fe6b34f,8b228f6d
383,3274b777,0f3fef17,a8c91d47,7e01881b,90307e8b,3104899d,5d8c2d35,86124d7c,46c622f3,c594c978,f3c225ec,05c4fa17,03a61768,b9310c30,b9080db1,c8a889df,61099c79,c26aea03,9a86696d,c90d9ad3
384,9502a905,50f95462,4b009528,028abb53,7bc7131b,c3cfd9a5,1a524c73,a68c09e4,e840434d,8fff0159,27b18a8c,c660a3c6,db3d8798,0c13a440,ced430cf,e0750714,d0574e29,963e3d73,dc5ddd51,a5e07a73
385,d36e3a44,a60320de,64250932,d59be2a0,41a6b3b7,d4452d35,083422d7,ab2f38d2,ca7dac5a,7e4f4807,a3ed87a1,526130cf,1ee8c03f,7ca3e13d,449218d0,e4b0cef9,84e249af,019238c6,60f228f9,6213b7c2
386,4fddd836,90b1b64c,13b95a58,8563a137,26e93a1f,1d647d62,8eb4e6c4,9656866a,c26b77bb,a8b35b33,2012cb3f,16a0dcd5,10b9f434,2fd73e78,b5822081,9a89930a,fc3261e2,89d6040b,f465511a,ccb2fbe7
387,6bd02591,50aba475,d34fe4e6,704848c9,38f954f9,3602d0f1,9611cf40,f7fcc903,aa15c12f,6fc164b9,5a931f66,152b2ae7,66a8790c,49827a09,6bbb3516,c0b90454,2ae9c698,555398c5,8576542e,bc39d59f
388,fb2ad809,ff8d760b,372811b9,d0a50a84,23897590,4ce94cbd,1885eb57,e857a179,4ded3590,91823870,762dd949,005408c5,d814cf46,034905ca,4e73bae0,7ce84cbe,ec784eb5,206f624f,31009ce5,a786e348
389,a8735237,506efd7c,9364ce12,234d9c1c,424c0953,8008ad5b,a6ab3c5b,eefd5153,4631f8ea,d7e5ccff,8823e1e5,21c27a9c,718c5033,4ba215ae,066efb26,d3bafca5,04d84fa5,d765972c,420b3adc,083bb937
390,7858f7e0,fad29934,71d44302,ab51e17a,c0d0812f,62681979,41805c2a,e01e5f4d,6cfe63b6,319465b0,0fbe01cd,bd9db3cf,0700239e,b126a2ed,93b46806,95396f41,42ecd1a3,3b9c137c,dfc9601e,e081ec31
391,035f8c84,c0f5cb44,82e26386,91000810,e60f3b78,f5d0c6e0,5fe0a598,d078b9ac,9374a6d3,21725bfa,17c6cf69,f69bfac7,1e9d3b1d,5af176ae,c29f07ce,a58dcfb5,2d536900,7f611587,ddcff10b,3593f7f8
392,34e96ca5,a765e56f,b26f6d82,d0b54397,eae14673,6e0b0e0e,5d102e3b,06616b45,05ed2520,128f1f8b,268c9a49,3cb5c63e,2b0429a1,f2cb1a26,47394243,0a7fd4ff,5787fa08,970311bc,4dfab5ab,8e2f8e35
393,bdd7eeec,adbf5f6f,63cebc1d,7bc70d2f,c7186551,2cf9da89,dd81e6c0,9896d66b,775eaa0a,6a7246fa,82e871de,efa8dde5,70da2cc3,6f8a8a2b,19867770,52b30bc2,07b0b9dd,32944156,a33a4605,cf91b892
394,79216998,593e41fa,50d52ba1,329b07c4,50f5e07c,470afefa,2c09c32f,0336ab5b,1c63105b,c7d2f4a6,9e3db695,b3011f01,95b21521,3909f848,c075f1cd,db283488,6090b505,6702600a,7ab04da1,4b3de4fc
395,7fb49c37,b285acc0,8944b259,5eb67206,71fd2bb4,2c77ea10,245649e9,cbd4cc71,ab7f92bf,8dc1decb,3a02b558,42349a88,fc276d1f,41ae5fd2,454feefa,cbca7247,96fe26a5,3a085321,e2068d5c,0d8feb44
396,fd338549,57f9a9fa,e508a063,9a0563e3,8fa0e5b4,b3112027,930b3e83,ed5082e2,18059cfb,e2ffde33,4b0eb131,e4475139,92dc223d,baeb3b02,20d64a03,e09a6cbc,614f7208,ebdd7091,fc7deea8,3479e8a5
397,5ff38da6,22948f20,f63c2784,74a7a64f,8c347932,fe5f60e9,38f7c39e,ecba3592,bbf3b6dc,f1104b88,d724ab35,df55aad4,a2c33d9b,20ac0682,b73b0627,329616ac,15ace27f,e372b753,3bb9ef20,1acf7034
398,3010592a,8a775f73,96abf029,9e384cad,d680262e,7b5b1964,d995b8be,aeded637,984f851a,51671d27,de56f671,e8f4d534,11e2051a,fdb7a617,bc21f2ff,16a0713b,2ec973c1,e58ce844,f553e8a5,d0ece3c2
399,c7501ab0,f6d63046,372a7408,2eb275be,1b28844a,e155e381,f180b349,d8e19849,2fd4752c,cdf1e657,bbae2eaf,5f44d93d,5c21eba3,a8b429ce,04c61919,9581d02f,e5b4a035,7e89576f,40533c32,82c5e3eb
400,1063a378,1655c128,c391d056,d42dd641,2ca806a7,dae5a676,dfbf414f,59e70a43,82864f4f,0c2cb4da,9ae59839,1bc9e875,bf90a89b,61ccf47a,d5d88663,d0d99422,923f8cf8,50d6c799,462be66a,88f2511b
401,c73e2e74,62bb2d49,5844d034,d753d64d,1dbd9b7f,da1faed5,d153194d,5589f39a,bca4da7f,2e677f5d,59e8f084,78761332,3c831eba,b5821ea8,0e90d704,0e8de65e,deb14100,4ab417c6,f907d930,d091a2b3
402,56cc78ef,db2bfa37,c59ab52d,e843fd94,e4717977,380a0e2c,c15274ed,c876f802,e0b9f291,75ad7810,402a2ae6,76370d23,521af50c,c992fc0f,7179a988,4a7dbcea,393add5b,4bf3e2f0,5b49d6be,527c450d
403,76de3188,3f56bfc5,759f4d29,33c7df3b,88260085,50f1a5f0,b6437d87,50be762a,884bd9c5,93a30b42,78079d6f,76f6d60f,1d6e466d,8492c540,d351a0bd,cec58000,8cb778d4,75d3f045,1e3e6675,150d2207
404,54809440,d59b8d26,04948b64,c7fce1af,dfd9fd2a,d93bf2fc,b2c85e46,40a2bfba,40945b8e,2cbd5fcc,f68f965d,e280257a,161cd7a6,8ed5d23d,4d07fbe8,c548a13c,9349050a,c273ac16,d35d9016,15dd1139
405,1408efc4,8791b80b,65d8279c,727f1bbc,706dd352,c55d4bf6,66331871,bfb10b12,231feb11,81cc73da,cb27bb88,0dcdf9f9,1271a455,e302119e,9946b43f,1e99f463,e502a1fb,c83df475,db4eb541,9218740d
406,a5227cf0,e7abe1b0,fe4595ee,fe8c0af1,ef64b50c,67a7c69e,076b98ef,ea1f06d3,6baa0c36,10fcc29b,91af0a36,e7fdd9b5,d4de49c8,e6c2f340,8c814fce,4e1273e7,4e95f706,94626978,903cc128,c390e0ef
407,b28faba9,eb2f04a7,36390b14,1ddc07c7,81abd374,7aec7ebb,1d28a4ee,daf2bae5,222aa4a3,fcc6883a,b0628bf1,5212a6b7,9baa2389,815e9398,ebecfdd2,1d3a56dd,5cefcaf8,a4f728bd,e1dbf106,4c1313c4
408,e2b37281,02997302,73bd5661,ee68ad02,37d842b0,32e56171,497aa8a5,4d3e4009,dc7435bf,0e3db261,75d44698,7c2f8a6c,9d8b422f,773defec,ab94bf07,b08e6d1c,36eb5e27,dc6d9bd0,45e376bc,aa13106c
409,a89d908d,96b4ca66,448d0b44,aa8caac1,3662c44b,7fe5793d,8eeb4127,2f29a064,99c45d65,d1e22701,2ecac058,d5a8ea47,1f694c04,b337a418,933b33e5,342f8e9a,60de3f51,c36e9178,45381b68,21ead6f0
410,44d0eff0,3dfc4a66,6948e662,57b19804,a24fb73b,32b77aa9,edd1a911,c7baf754,d6ec2fd4,8a101e6f,81efd7d9,d0ea46c2,582884d2,891e739d,8255ba36,becee168,65196920,b9088c70,92f183d1,cfb283ac
411,a999d9f7,c65f7a7d,31d363c9,6fe47dba,6eb0a4ab,ef2afc90,a75b08d4,1d7e02b1,5460a621,d3588c8e,84319dba,c216f4bb,e5ebc72d,520d4351,9193db1e,dcb167fc,eb83b456,e099c7d6,5bc23323,568bc83c
412,ca0bf1d6,4f972f7f,d12e8b74,cc63b0ba,48b1477a,5f5a3c53,d3bf0b95,a91a45cf,091b4d7a,4d7a0f43,d1847ed9,17af37fd,301dbe93,ef6b5475,f5604071,852cdbee,f69ac45e,08fbdd3a,f420c8ed,3291cdde
413,fe4ead82,4c306619,9b6089a4,5c5f2e85,ab5367d5,15104ae4,b1d36291,6386fe88,6b34ef70,04f21154,a0fbf19e,a4dd7720,a8b34507,23f001a5,e1a6f5d5,5a11f32b,89188df4,678a5b59,1affab75,a011d405
414,190edf6f,ef97408a,6abd9ec0,5a0d5cc4,f86a9f39,7d4d5af4,f9926599,b88097ac,45b00530,0d6cef7f,717dd901,e3ee53bd,1a8c3799,d25b74ad,c25e8d80,cafaf19d,46d44d0c,659bbb39,8d5925e1,6d4ac3e4
415,0d43dded,eafcc24c,05bcd3c9,a02d3f46,8acc82ec,f8984377,7257c7ea,a3ee4b8b,ce9cdf28,231b84f4,6533519b,1e80f05a,a62452a5,d47c6fb8,526b713d,7efe932a,ee2574e7,4b206342,ca685022,ef9ecaeb
416,058d2183,9aa08eb9,272c9482,90d51ad1,d6f7d458,e063a9fe,788b2eb7,c33b0430,aca1b892,effb0660,47f73783,84b9c409,526b351f,227f7389,d6e2025a,f03245bd,592e62f8,29a98a1d,01876872,bae26ea2
417,6bb23311,b9d2747b,184a004c,7fcaa612,164a9455,9b5ece2d,552dec9d,2e7319f4,18ed25f7,eab5775c,a6797751,e8b1bb6a,6050d985,1c7f5397,ad0d22a0,6c4df569,6585f9d6,91e932be,011d43cc,a053d517
418,68479125,d07222e2,5b055351,43813101,87409bce,362174e4,d10352db,e6223857,929d48d3,f3cedd9f,b3396476,a4daa283,cc40f30d,7708723d,f91c9a89,16bbeca1,83fcbd93,8d711c11,ea441f70,ad54d346
419,9207bee4,76d040c7,5bffd595,dfe4c964,768e2f95,f71f6a15,ce98195e,f7597d2a,7f8f196f,bbe3a5aa,02634538,1880b088,ebb1fdfa,29716fb7,0f988677,77d63252,84528fa6,01df3e39,a1021fa2,56fb4d6d
420,0e6c5893,37f2d0cc,16d4f3ea,a3a71270,92d2dfe1,32e03f24,357a47ce,b903ec9c,d43563a1,7e652ace,8bbef22c,d90345b1,5cb0cdd1,dedd9ca3,3059e4df,f161419d,844e0ee5,ff7bdf76,c0ac3f38,c558f29e
421,6ac7c55c,519bdcc3,944e8494,d5cd432f,b52891f6,9315774d,6c0a2783,6d847753,cdcb4624,632d44dc,8a8f3f10,d9f6df02,c89c44a8,f95451eb,83d75867,604ba66b,f0772bf6,63484f51,0503121c,1557f250
422,7dd61139,6937bbb5,1bb2f1b1,4c1e8ada,45d8ac8c,3be71c91,9f84637b,e3b6baf8,87886082,a0a8b079,ad96d8c1,8e697b5b,266fcc2a,63d7e29d,7c0a230a,a0440a9f,d779151e,e8c6657a,a1ff74ec,81a5e7c3
423,eaa7d136,b5685db5,73519e33,f315662d,a657f6c6,a8b32885,beaf242b,c2f291e8,e7d99c7a,a34954da,2e4af890,ddbd5b2e,3715a7f3,faec3af8,8ea8f60c,c9ecfb67,fc55ae9c,20eb57c9,958af068,b93f0ede
424,7b844db2,d3fc518b,851cc9ce,f4109be8,d53e984f,eca907c8,44984ef4,21ada0f1,9d7a8967,5be3e58a,fceeb8e2,5bba54d4,b269f4e4,2afaefba,44fb0805,3bf8071e,40040670,07ed4240,47c08a0d,2eca9af2
425,0b75c5f1,7a3b26af,79c273ce,9b427ce2,354881cf,5fef054c,37a0086d,9eb9d547,b8442b9b,48f4d752,9fa29c81,7f008fe1,18000013,00c7bace,b5173095,683a0c1b,bdee4ad9,23f06faf,fcde0c64,887d50e9
426,05140ed8,b98a70af,60065146,8adf1aee,eb454dec,382b2798,2c5203ec,2f15c9e8,b7019124,f42e0a19,a8283484,4fd3c3cc,8a43a052,a68a0158,254a80e8,5703b8d2,15514311,04440e2b,d645ca45,49b7ca74
427,807813c0,0361d048,d5b69c68,e63c741d,f177f733,e014d839,2832691e,ae412624,7090dbb7,0ab61b86,c289a1f0,8250f3ae,bf53be5d,3f82e460,7d5a383b,c6869ee2,a2ffb2e8,d7fe4984,bbe5c705,340ad82a
428,ccee1ba5,456b5d3d,d3237821,8778f9ff,d7a11b5a,98d7393c,a79855ae,11b28f01,4250db8e,d082fea8,af99097f,db8b4b15,711052ff,d99f3da9,6cf217f5,32bd0a07,7b788ba5,8c68e166,ec334c78,ee6bbd86
429,42254b41,86aa7eba,3ebed096,ed5d7462,43a105e1,c3784723,58b0b4a0,a1c9d694,610b9dc2,57a56e54,eb778701,bc901bc0,9a32525f,bf81e34c,42259795,2ded1011,a4eb08bf,a95f575b,de828bc7,133b784b
430,96a11280,7310bf84,9cc41d1a,26fa951c,693b4a91,3a112529,9a5c3922,bd3ace14,c99c346c,c8eed39e,8cdd7729,05624705,81ff72d5,80bd6f67,5ed96a9c,e3243a5d,56ec3fb7,9f5e9ba0,35853928,642e02bf
431,98bd83e0,a9bdbc99,2eb6ea71,7967572b,3cb3b87c,a811c457,40abf14b,d069d12b,1c6d08a5,7332618a,2cfe6913,824d3c1f,42a9598b,c53373b5,1cbce237,471a068d,015406be,e714a42a,87533dd4,d7179b14
432,84afdda0,a521e460,1bae5623,2d64c744,21850f77,8cce05d1,3206b55d,0eda431f,cade2852,fa87a3bd,186d8e72,563118d2,ada6c471,d439c8cd,2fa7b717,2d3cc493,12e238ec,e1ac4701,6981ab07,65b6ad0b
433,48c0ea80,97f69ba7,6b2819fa,35a699f1,018f1525,f35f6dd8,5ce0fe38,f57ff03f,e0b5e4e4,8d1bfe0f,92b29332,0e579941,095a1c41,6689db90,9af93de8,b6f3a97b,1639b8c4,968ecf84,7b5a0385,0299bd72
434,313c5432,aa604b29,b63c53a8,20b82f81,662438de,2ca331eb,bf6b4e1e,bcd304ef,8bb0933b,ae740d4b,7d018088,f326e152,38e232a2,13254ea7,6f12a0ea,22d45160,535d631f,583f6e9c,fce67f37,e3121d62
435,4321517f,a4d60beb,0ce02f33,5124c166,140c463e,5cb19a59,fbfc3560,30c90d91,c2e5f337,361fa605,1a7bd44c,8653d8f0,8e6cfbe5,a5a9209b,38bbcc68,949d8bc0,13eff8cc,6f435aa9,180fd780,f629d9dd
436,be7ed154,60b462cc,a042df6f,a5e0cd8c,273f8255,5f5ca730,e2326260,f6a9b22b,3216fcf9,004553e8,26d5217e,da854b85,60ea4a6e,acc8c02b,b28a89a5,890a9eef,1270d725,6604db6b,5a42c9af,d3868a6a
437,2867ef6c,ea11dba4,4966a2c8,556912f6,35ff2400,75afa3fb,338f0405,c29892f8,447facba,00607048,67bf0701,a9d0abdd,25d3ccb7,f45eae1c,88915ede,a022fbc9,aabeb552,ed7f4f86,4cb131cd,5ef50e68
438,ca97c0fb,b6c656d7,a9d38751,fa13a712,47dadc96,3b62e4fa,63e89697,3a764f6b,779e6256,c3190385,0c0802d9,b71ce88f,e66e8cd5,fe9f1ce8,825640c1,c9e05652,fb2ac3dc,6ad41a8b,99114c6b,18bf0360
439,988e17d1,2d862b7d,17247ccd,48c28187,aa748571,83aa5655,2a9288d2,08638bb2,e19cd07a,f7726a6d,c983207d,09c7d829,91da4536,8b886315,17b1b2bd,524679c6,80f97eca,b417bc09,0b3fe54f,6f7222a2
440,b179de2b,2c31aa94,92bd8a5c,610e9ce1,13faa576,c7c14481,74ba4569,54ade37c,1ee49d26,8e0ed070,2c9d7f58,2c340519,1de1bda4,ec153db1,220b4c93,9cd2d39d,3a8351e9,58e5d48f,89926005,048c3c73
441,3e9867d3,b47d683e,fe854283,f8246a9e,5677fe69,066f484a,0bdeffe9,e179f14c,8e6a4ffe,7202f036,a4629c5b,14355b66,4563b447,d74b444d,f70e344c,5fa46be3,e341e58d,e4f04955,586e8e34,91cc900c
442,7558baa2,3b7e9268,0a8ad80e,62500035,77ff86ef,e1104f11,7ea4d03e,f607d7cf,c06424d9,058acedf,47d4b83c,5e9fda74,c8a386d2,f4e839e2,162523fe,b6e19fbd,9ac75864,fddbd0ce,30c109e4,6b454c4c
443,ff529f81,adc43dbc,53a5a615,13aba1c2,2350e275,879f07f2,64840605,01d72af6,965bcadd,e948651a,ba5e2eed,6762fa5f,fb9f62c8,5a5b422a,eb6d0df5,c7faae00,90a8b166,b68812ba,7678c327,6cddb615
444,36a84061,ae2245a1,cfefed3b,1497e31a,6ff5978d,68e1a750,297521c4,99011405,c5102e5b,d9872673,d21eea81,0bef199c,12f9d72f,0ff7a99b,85cdf1df,0582c6c2,755c0ada,80d8cf90,24ccd55d,3ba8ed9c
445,5b8c11bd,1f91fa8d,57745151,5f3a86c1,cfaaf0f9,48198f21,678dfa16,38b96a6f,b8a22c9f,6112e7df,3f4ed6c0,a323faab,3e679d3e,d384bd1d,0d06d3e0,0a2f40f7,908e7eaa,9c6157c4,3fff1b19,0b090a20
446,a868c90a,26d556ed,aaceb4f7,a9baffc7,5021a690,b6a2ec2d,c1027a1f,3dc2d500,8a51e1f3,07a9c774,1807e378,10807592,b9553109,89c07160,5fb7e6fe,6801776e,4e0c63ea,ecd90b3b,e6a8e00f,88a15dd6
447,a178b796,b84d0ff7,437d04ec,c065e824,12a6036a,575e3052,cadfe28d,8eab3a80,59184447,4fc7587a,d3d29136,e8773868,823ca21b,e2c558bb,5ec48f20,3628d38c,d89b90ff,dd0bc297,e0a44a88,4cbe0cec
448,45707997,35481c4b,5344df0e,2bf5be76,d143f31f,e16133ea,bffacd64,3b3d2880,048f7c03,b2f6d0bc,d89a07d2,d9bf9cd4,99ee7d0d,5a892e9c,c5c4e8c4,9ab381af,0557dbe6,1a80291d,915b414b,ae363ee0
449,38d11ed7,5552637f,92336739,bdc8031e,94de56e5,3074abe0,35c10d87,f3321cb2,1709fb5e,e24fe1e5,80bf3864,36e9d589,e8618980,ee0a7b7a,ec2cdaa4,1299b358,6df5467c,25272b0e,c37d448d,a21a6b3e
450,317d3051,63ee0bc5,2650f26a,d861f3d2,7f1092e1,ca7ad696,051e3206,f83db0fd,29a1edc1,24e150e7,0e79c916,1d7e14ee,5fa36411,a9521038,804d18b9,4c1d1b70,0f7d61cf,e650c3c6,e9b85e5c,98f8189d
